,total_guests,temp,precip_sum,precip_hours,day,month,year,arrival_date,holiday_flag,is_weekend,is_weekday,yesterday,last_7_days,last_28_days
0,73,20.1,0.1,1.0,1,7,2015,2015-07-01,0,0,1,99.0,99.0,99.0
1,94,19.5,0.0,0.0,2,7,2015,2015-07-02,0,0,1,73.0,99.0,99.0
2,88,19.6,0.0,0.0,3,7,2015,2015-07-03,0,1,0,94.0,99.0,99.0
3,107,23.1,0.0,0.0,4,7,2015,2015-07-04,0,1,0,88.0,99.0,99.0
4,98,19.3,0.0,0.0,5,7,2015,2015-07-05,0,1,0,107.0,99.0,99.0
5,89,20.5,0.0,0.0,6,7,2015,2015-07-06,0,0,0,98.0,99.0,99.0
6,75,20.8,0.0,0.0,7,7,2015,2015-07-07,0,0,1,89.0,99.0,99.0
7,60,20.4,0.0,0.0,8,7,2015,2015-07-08,0,0,1,75.0,89.14285714285714,99.0
8,73,21.6,0.0,0.0,9,7,2015,2015-07-09,0,0,1,60.0,87.28571428571429,99.0
9,90,19.2,0.0,0.0,10,7,2015,2015-07-10,0,1,0,73.0,84.28571428571429,99.0
10,87,19.8,0.0,0.0,11,7,2015,2015-07-11,0,1,0,90.0,84.57142857142857,99.0
11,111,19.4,0.0,0.0,12,7,2015,2015-07-12,0,1,0,87.0,81.71428571428571,99.0
12,106,20.9,0.0,0.0,13,7,2015,2015-07-13,0,0,0,111.0,83.57142857142857,99.0
13,55,21.9,0.0,0.0,14,7,2015,2015-07-14,0,0,1,106.0,86.0,99.0
14,124,21.4,0.0,0.0,15,7,2015,2015-07-15,0,0,1,55.0,83.14285714285714,99.0
15,108,21.6,0.0,0.0,16,7,2015,2015-07-16,0,0,1,124.0,92.28571428571429,99.0
16,125,22.8,0.0,0.0,17,7,2015,2015-07-17,0,1,0,108.0,97.28571428571429,99.0
17,101,22.6,0.0,0.0,18,7,2015,2015-07-18,0,1,0,125.0,102.28571428571429,99.0
18,102,23.4,0.0,0.0,19,7,2015,2015-07-19,0,1,0,101.0,104.28571428571429,99.0
19,145,23.9,0.0,0.0,20,7,2015,2015-07-20,0,0,0,102.0,103.0,99.0
20,73,23.4,0.0,0.0,21,7,2015,2015-07-21,0,0,1,145.0,108.57142857142857,99.0
21,59,21.4,0.0,0.0,22,7,2015,2015-07-22,0,0,1,73.0,111.14285714285714,99.0
22,70,20.6,0.0,0.0,23,7,2015,2015-07-23,0,0,1,59.0,101.85714285714286,99.0
23,130,21.5,0.0,0.0,24,7,2015,2015-07-24,0,1,0,70.0,96.42857142857143,99.0
24,118,18.4,0.0,0.0,25,7,2015,2015-07-25,0,1,0,130.0,97.14285714285714,99.0
25,91,21.0,0.0,0.0,26,7,2015,2015-07-26,0,1,0,118.0,99.57142857142857,99.0
26,132,21.0,0.0,0.0,27,7,2015,2015-07-27,0,0,0,91.0,98.0,99.0
27,54,20.4,0.0,0.0,28,7,2015,2015-07-28,0,0,1,132.0,96.14285714285714,99.0
28,79,22.2,0.0,0.0,29,7,2015,2015-07-29,0,0,1,54.0,93.42857142857143,94.21428571428571
29,105,24.4,0.0,0.0,30,7,2015,2015-07-30,0,0,1,79.0,96.28571428571429,94.42857142857143
30,124,21.3,0.0,0.0,31,7,2015,2015-07-31,0,1,0,105.0,101.28571428571429,94.82142857142857
31,172,21.7,0.0,0.0,1,8,2015,2015-08-01,0,1,0,124.0,100.42857142857143,96.10714285714286
32,96,22.9,0.0,0.0,2,8,2015,2015-08-02,0,1,0,172.0,108.14285714285714,98.42857142857143
33,135,21.9,0.0,0.0,3,8,2015,2015-08-03,0,0,0,96.0,108.85714285714286,98.35714285714286
34,75,20.7,0.0,0.0,4,8,2015,2015-08-04,0,0,1,135.0,109.28571428571429,100.0
35,51,20.1,0.0,0.0,5,8,2015,2015-08-05,0,0,1,75.0,112.28571428571429,100.0
36,49,22.4,0.0,0.0,6,8,2015,2015-08-06,0,0,1,51.0,108.28571428571429,99.67857142857143
37,88,18.8,0.0,0.0,7,8,2015,2015-08-07,0,1,0,49.0,100.28571428571429,98.82142857142857
38,117,19.8,0.0,0.0,8,8,2015,2015-08-08,0,1,0,88.0,95.14285714285714,98.75
39,115,25.1,0.0,0.0,9,8,2015,2015-08-09,0,1,0,117.0,87.28571428571429,99.82142857142857
40,153,25.1,0.0,0.0,10,8,2015,2015-08-10,0,0,0,115.0,90.0,99.96428571428571
41,104,21.0,0.0,0.0,11,8,2015,2015-08-11,0,0,1,153.0,92.57142857142857,101.64285714285714
42,56,21.0,0.0,0.0,12,8,2015,2015-08-12,0,0,1,104.0,96.71428571428571,103.39285714285714
43,74,17.8,0.0,0.0,13,8,2015,2015-08-13,0,0,1,56.0,97.42857142857143,100.96428571428571
44,95,17.3,0.0,0.0,14,8,2015,2015-08-14,0,1,0,74.0,101.0,99.75
45,148,19.7,0.0,0.0,15,8,2015,2015-08-15,0,1,0,95.0,102.0,98.67857142857143
46,136,21.4,0.3,3.0,16,8,2015,2015-08-16,0,1,0,148.0,106.42857142857143,100.35714285714286
47,128,20.0,0.0,0.0,17,8,2015,2015-08-17,0,0,0,136.0,109.42857142857143,101.57142857142857
48,77,19.2,0.0,0.0,18,8,2015,2015-08-18,0,0,1,128.0,105.85714285714286,100.96428571428571
49,59,22.1,0.0,0.0,19,8,2015,2015-08-19,0,0,1,77.0,102.0,101.10714285714286
50,65,24.4,0.0,0.0,20,8,2015,2015-08-20,0,0,1,59.0,102.42857142857143,101.10714285714286
51,73,22.5,0.0,0.0,21,8,2015,2015-08-21,0,1,0,65.0,101.14285714285714,100.92857142857143
52,131,20.3,0.0,0.0,22,8,2015,2015-08-22,0,1,0,73.0,98.0,98.89285714285714
53,121,19.3,1.0,2.0,23,8,2015,2015-08-23,0,1,0,131.0,95.57142857142857,99.35714285714286
54,106,19.0,0.2,1.0,24,8,2015,2015-08-24,0,0,0,121.0,93.42857142857143,100.42857142857143
55,68,19.9,0.0,0.0,25,8,2015,2015-08-25,0,0,1,106.0,90.28571428571429,99.5
56,60,22.3,0.0,0.0,26,8,2015,2015-08-26,0,0,1,68.0,89.0,100.0
57,82,23.2,0.0,0.0,27,8,2015,2015-08-27,0,0,1,60.0,89.14285714285714,99.32142857142857
58,129,24.9,0.0,0.0,28,8,2015,2015-08-28,0,1,0,82.0,91.57142857142857,98.5
59,111,24.7,0.0,0.0,29,8,2015,2015-08-29,0,1,0,129.0,99.57142857142857,98.67857142857143
60,97,25.1,0.0,0.0,30,8,2015,2015-08-30,0,1,0,111.0,96.71428571428571,96.5
61,74,23.2,0.2,2.0,31,8,2015,2015-08-31,0,0,0,97.0,93.28571428571429,96.53571428571429
62,125,20.8,0.0,0.0,1,9,2015,2015-09-01,0,0,1,74.0,88.71428571428571,94.35714285714286
63,176,17.2,0.0,0.0,2,9,2015,2015-09-02,0,0,1,125.0,96.85714285714286,96.14285714285714
64,176,16.1,0.0,0.0,3,9,2015,2015-09-03,0,0,1,176.0,113.42857142857143,100.60714285714286
65,99,15.9,0.0,0.0,4,9,2015,2015-09-04,0,1,0,176.0,126.85714285714286,105.14285714285714
66,106,18.3,0.0,0.0,5,9,2015,2015-09-05,0,1,0,99.0,122.57142857142857,105.53571428571429
67,113,20.9,0.0,0.0,6,9,2015,2015-09-06,0,1,0,106.0,121.85714285714286,105.14285714285714
68,145,21.7,0.0,0.0,7,9,2015,2015-09-07,0,0,0,113.0,124.14285714285714,105.07142857142857
69,56,20.8,0.0,0.0,8,9,2015,2015-09-08,0,0,1,145.0,134.28571428571428,104.78571428571429
70,57,20.4,0.0,0.0,9,9,2015,2015-09-09,0,0,1,56.0,124.42857142857143,103.07142857142857
71,92,18.4,0.0,0.0,10,9,2015,2015-09-10,0,0,1,57.0,107.42857142857143,103.10714285714286
72,66,18.2,0.0,0.0,11,9,2015,2015-09-11,0,1,0,92.0,95.42857142857143,103.75
73,156,18.9,0.1,1.0,12,9,2015,2015-09-12,0,1,0,66.0,90.71428571428571,102.71428571428571
74,67,17.8,0.2,2.0,13,9,2015,2015-09-13,0,1,0,156.0,97.85714285714286,103.0
75,95,17.8,0.0,0.0,14,9,2015,2015-09-14,0,0,0,67.0,91.28571428571429,100.53571428571429
76,110,17.0,1.0,5.0,15,9,2015,2015-09-15,0,0,1,95.0,84.14285714285714,99.35714285714286
77,110,17.6,6.4,10.0,16,9,2015,2015-09-16,0,0,1,110.0,91.85714285714286,100.53571428571429
78,259,16.1,0.0,0.0,17,9,2015,2015-09-17,0,0,1,110.0,99.42857142857143,102.35714285714286
79,55,15.6,0.0,0.0,18,9,2015,2015-09-18,0,1,0,259.0,123.28571428571429,109.28571428571429
80,171,18.9,0.0,0.0,19,9,2015,2015-09-19,0,1,0,55.0,121.71428571428571,108.64285714285714
81,58,21.4,0.0,0.0,20,9,2015,2015-09-20,0,1,0,171.0,123.85714285714286,110.07142857142857
82,148,19.9,0.0,0.0,21,9,2015,2015-09-21,0,0,0,58.0,122.57142857142857,107.82142857142857
83,37,16.0,0.0,0.0,22,9,2015,2015-09-22,0,0,1,148.0,130.14285714285714,109.32142857142857
84,85,17.5,0.0,0.0,23,9,2015,2015-09-23,0,0,1,37.0,119.71428571428571,108.21428571428571
85,118,19.5,0.0,0.0,24,9,2015,2015-09-24,0,0,1,85.0,116.14285714285714,109.10714285714286
86,125,19.8,0.0,0.0,25,9,2015,2015-09-25,0,1,0,118.0,96.0,110.39285714285714
87,170,19.7,0.0,0.0,26,9,2015,2015-09-26,0,1,0,125.0,106.0,110.25
88,59,19.6,0.0,0.0,27,9,2015,2015-09-27,0,1,0,170.0,105.85714285714286,112.35714285714286
89,79,20.4,0.0,0.0,28,9,2015,2015-09-28,0,0,0,59.0,106.0,111.0
90,64,20.8,0.5,1.0,29,9,2015,2015-09-29,0,0,1,79.0,96.14285714285714,111.17857142857143
91,86,20.8,0.0,0.0,30,9,2015,2015-09-30,0,0,1,64.0,100.0,109.0
92,85,20.2,0.0,0.0,1,10,2015,2015-10-01,0,0,1,86.0,100.14285714285714,105.78571428571429
93,68,19.6,0.0,0.0,2,10,2015,2015-10-02,0,1,0,85.0,95.42857142857143,102.53571428571429
94,182,18.9,0.2,1.0,3,10,2015,2015-10-03,0,1,0,68.0,87.28571428571429,101.42857142857143
95,202,19.5,5.1,19.0,4,10,2015,2015-10-04,0,1,0,182.0,89.0,104.14285714285714
96,101,18.8,9.8,17.0,5,10,2015,2015-10-05,0,0,0,202.0,109.42857142857143,107.32142857142857
97,119,18.2,0.1,1.0,6,10,2015,2015-10-06,0,0,1,101.0,112.57142857142857,105.75
98,57,14.7,0.0,0.0,7,10,2015,2015-10-07,0,0,1,119.0,120.42857142857143,108.0
99,141,14.7,0.0,0.0,8,10,2015,2015-10-08,0,0,1,57.0,116.28571428571429,108.0
100,184,15.5,0.7,4.0,9,10,2015,2015-10-09,0,1,0,141.0,124.28571428571429,109.75
101,154,16.7,6.5,17.0,10,10,2015,2015-10-10,0,1,0,184.0,140.85714285714286,113.96428571428571
102,82,18.2,1.5,12.0,11,10,2015,2015-10-11,0,1,0,154.0,136.85714285714286,113.89285714285714
103,143,18.2,4.6,13.0,12,10,2015,2015-10-12,0,0,0,82.0,119.71428571428571,114.42857142857143
104,64,19.2,0.5,4.0,13,10,2015,2015-10-13,0,0,1,143.0,125.71428571428571,116.14285714285714
105,66,19.3,0.0,0.0,14,10,2015,2015-10-14,0,0,1,64.0,117.85714285714286,114.5
106,173,19.7,0.0,0.0,15,10,2015,2015-10-15,0,0,1,66.0,119.14285714285714,112.92857142857143
107,23,19.2,1.0,4.0,16,10,2015,2015-10-16,0,1,0,173.0,123.71428571428571,109.85714285714286
108,20,16.7,7.6,8.0,17,10,2015,2015-10-17,0,1,0,23.0,100.71428571428571,108.71428571428571
109,98,16.0,15.3,20.0,18,10,2015,2015-10-18,0,1,0,20.0,81.57142857142857,103.32142857142857
110,126,16.2,2.2,10.0,19,10,2015,2015-10-19,0,0,0,98.0,83.85714285714286,104.75
111,59,18.9,0.0,0.0,20,10,2015,2015-10-20,0,0,1,126.0,81.42857142857143,103.96428571428571
112,117,17.9,0.0,0.0,21,10,2015,2015-10-21,0,0,1,59.0,80.71428571428571,104.75
113,85,17.3,0.0,0.0,22,10,2015,2015-10-22,0,0,1,117.0,88.0,105.89285714285714
114,81,18.7,0.0,0.0,23,10,2015,2015-10-23,0,1,0,85.0,75.42857142857143,104.71428571428571
115,135,17.7,11.7,18.0,24,10,2015,2015-10-24,0,1,0,81.0,83.71428571428571,103.14285714285714
116,36,17.6,9.4,17.0,25,10,2015,2015-10-25,0,1,0,135.0,100.14285714285714,101.89285714285714
117,39,16.6,14.4,17.0,26,10,2015,2015-10-26,0,0,0,36.0,91.28571428571429,101.07142857142857
118,49,13.1,0.2,2.0,27,10,2015,2015-10-27,0,0,1,39.0,78.85714285714286,99.64285714285714
119,20,14.8,0.0,0.0,28,10,2015,2015-10-28,0,0,1,49.0,77.42857142857143,99.10714285714286
120,46,17.1,0.1,1.0,29,10,2015,2015-10-29,0,0,1,20.0,63.57142857142857,96.75
121,67,16.0,0.0,0.0,30,10,2015,2015-10-30,0,1,0,46.0,58.0,95.35714285714286
122,154,14.3,7.3,8.0,31,10,2015,2015-10-31,0,1,0,67.0,56.0,95.32142857142857
123,51,12.8,28.5,18.0,1,11,2015,2015-11-01,0,1,0,154.0,58.714285714285715,94.32142857142857
124,64,13.4,0.2,1.0,2,11,2015,2015-11-02,0,0,0,51.0,60.857142857142854,88.92857142857143
125,69,15.5,0.9,4.0,3,11,2015,2015-11-03,0,0,1,64.0,64.42857142857143,87.60714285714286
126,24,16.9,3.8,8.0,4,11,2015,2015-11-04,0,0,1,69.0,67.28571428571429,85.82142857142857
127,30,18.6,0.6,3.0,5,11,2015,2015-11-05,0,0,1,24.0,67.85714285714286,84.64285714285714
128,59,19.9,0.0,0.0,6,11,2015,2015-11-06,0,1,0,30.0,65.57142857142857,80.67857142857143
129,116,18.6,0.0,0.0,7,11,2015,2015-11-07,0,1,0,59.0,64.42857142857143,76.21428571428571
130,49,18.4,0.0,0.0,8,11,2015,2015-11-08,0,1,0,116.0,59.0,74.85714285714286
131,38,18.0,0.0,0.0,9,11,2015,2015-11-09,0,0,0,49.0,58.714285714285715,73.67857142857143
132,39,16.6,0.0,0.0,10,11,2015,2015-11-10,0,0,1,38.0,55.0,69.92857142857143
133,54,16.3,0.0,0.0,11,11,2015,2015-11-11,0,0,1,39.0,50.714285714285715,69.03571428571429
134,60,16.1,0.0,0.0,12,11,2015,2015-11-12,0,0,1,54.0,55.0,68.60714285714286
135,28,15.3,0.0,0.0,13,11,2015,2015-11-13,0,1,0,60.0,59.285714285714285,64.57142857142857
136,23,15.6,0.0,0.0,14,11,2015,2015-11-14,0,1,0,28.0,54.857142857142854,64.75
137,28,15.2,0.0,0.0,15,11,2015,2015-11-15,0,1,0,23.0,41.57142857142857,64.85714285714286
138,83,14.9,0.0,0.0,16,11,2015,2015-11-16,0,0,0,28.0,38.57142857142857,62.357142857142854
139,51,13.2,0.0,0.0,17,11,2015,2015-11-17,0,0,1,83.0,45.0,60.82142857142857
140,110,14.0,0.0,0.0,18,11,2015,2015-11-18,0,0,1,51.0,46.714285714285715,60.535714285714285
141,52,13.7,0.0,0.0,19,11,2015,2015-11-19,0,0,1,110.0,54.714285714285715,60.285714285714285
142,163,13.9,0.0,0.0,20,11,2015,2015-11-20,0,1,0,52.0,53.57142857142857,59.107142857142854
143,152,10.1,0.0,0.0,21,11,2015,2015-11-21,0,1,0,163.0,72.85714285714286,62.035714285714285
144,23,6.6,1.9,10.0,22,11,2015,2015-11-22,0,1,0,152.0,91.28571428571429,62.642857142857146
145,44,7.2,0.0,0.0,23,11,2015,2015-11-23,0,0,0,23.0,90.57142857142857,62.17857142857143
146,56,7.3,0.0,0.0,24,11,2015,2015-11-24,0,0,1,44.0,85.0,62.357142857142854
147,33,10.3,0.0,0.0,25,11,2015,2015-11-25,0,0,1,56.0,85.71428571428571,62.607142857142854
148,39,10.0,0.0,0.0,26,11,2015,2015-11-26,0,0,1,33.0,74.71428571428571,63.07142857142857
149,105,11.2,0.0,0.0,27,11,2015,2015-11-27,0,1,0,39.0,72.85714285714286,62.82142857142857
150,87,10.5,0.0,0.0,28,11,2015,2015-11-28,0,1,0,105.0,64.57142857142857,64.17857142857143
151,9,11.0,0.0,0.0,29,11,2015,2015-11-29,0,1,0,87.0,55.285714285714285,61.785714285714285
152,51,10.2,0.0,0.0,30,11,2015,2015-11-30,0,0,0,9.0,53.285714285714285,60.285714285714285
153,37,12.2,0.0,0.0,1,12,2015,2015-12-01,0,0,1,51.0,54.285714285714285,59.82142857142857
154,50,14.1,0.0,0.0,2,12,2015,2015-12-02,0,0,1,37.0,51.57142857142857,58.67857142857143
155,57,12.4,0.0,0.0,3,12,2015,2015-12-03,0,0,1,50.0,54.0,59.607142857142854
156,62,12.4,0.2,1.0,4,12,2015,2015-12-04,0,1,0,57.0,56.57142857142857,60.57142857142857
157,449,12.5,0.0,0.0,5,12,2015,2015-12-05,0,1,0,62.0,50.42857142857143,60.67857142857143
158,71,12.1,0.0,0.0,6,12,2015,2015-12-06,0,1,0,449.0,102.14285714285714,72.57142857142857
159,40,13.4,0.9,4.0,7,12,2015,2015-12-07,0,0,0,71.0,111.0,73.35714285714286
160,17,13.6,0.0,0.0,8,12,2015,2015-12-08,0,0,1,40.0,109.42857142857143,73.42857142857143
161,44,12.0,0.0,0.0,9,12,2015,2015-12-09,0,0,1,17.0,106.57142857142857,72.64285714285714
162,31,12.7,0.0,0.0,10,12,2015,2015-12-10,0,0,1,44.0,105.71428571428571,72.28571428571429
163,28,11.6,0.0,0.0,11,12,2015,2015-12-11,0,1,0,31.0,102.0,71.25
164,61,11.6,0.5,3.0,12,12,2015,2015-12-12,0,1,0,28.0,97.14285714285714,71.25
165,16,12.6,9.8,10.0,13,12,2015,2015-12-13,0,1,0,61.0,41.714285714285715,72.60714285714286
166,38,13.8,19.3,18.0,14,12,2015,2015-12-14,0,0,0,16.0,33.857142857142854,72.17857142857143
167,17,14.4,0.0,0.0,15,12,2015,2015-12-15,0,0,1,38.0,33.57142857142857,70.57142857142857
168,27,13.2,0.0,0.0,16,12,2015,2015-12-16,0,0,1,17.0,33.57142857142857,69.35714285714286
169,37,13.9,0.0,0.0,17,12,2015,2015-12-17,0,0,1,27.0,31.142857142857142,66.39285714285714
170,28,15.0,0.0,0.0,18,12,2015,2015-12-18,1,1,0,37.0,32.0,65.85714285714286
171,121,12.9,1.7,5.0,19,12,2015,2015-12-19,1,1,0,28.0,32.0,61.035714285714285
172,44,13.1,0.7,4.0,20,12,2015,2015-12-20,1,1,0,121.0,40.57142857142857,59.92857142857143
173,58,8.9,0.0,0.0,21,12,2015,2015-12-21,1,0,0,44.0,44.57142857142857,60.67857142857143
174,113,8.6,0.0,0.0,22,12,2015,2015-12-22,1,0,1,58.0,47.42857142857143,61.17857142857143
175,71,8.7,0.0,0.0,23,12,2015,2015-12-23,1,0,1,113.0,61.142857142857146,63.214285714285715
176,101,11.2,0.0,0.0,24,12,2015,2015-12-24,1,0,1,71.0,67.42857142857143,64.57142857142857
177,79,11.0,0.0,0.0,25,12,2015,2015-12-25,1,1,0,101.0,76.57142857142857,66.78571428571429
178,93,11.2,0.0,0.0,26,12,2015,2015-12-26,1,1,0,79.0,83.85714285714286,65.85714285714286
179,75,10.6,0.0,0.0,27,12,2015,2015-12-27,1,1,0,93.0,79.85714285714286,66.07142857142857
180,78,11.7,24.0,19.0,28,12,2015,2015-12-28,1,0,0,75.0,84.28571428571429,68.42857142857143
181,51,12.3,0.0,0.0,29,12,2015,2015-12-29,1,0,1,78.0,87.14285714285714,69.39285714285714
182,229,13.3,2.8,9.0,30,12,2015,2015-12-30,1,0,1,51.0,78.28571428571429,69.89285714285714
183,105,12.8,0.5,3.0,31,12,2015,2015-12-31,1,0,1,229.0,100.85714285714286,76.28571428571429
184,38,11.5,7.7,11.0,1,1,2016,2016-01-01,1,1,0,105.0,101.42857142857143,78.0
185,140,11.3,0.0,0.0,2,1,2016,2016-01-02,1,1,0,38.0,95.57142857142857,77.14285714285714
186,52,12.5,1.7,9.0,3,1,2016,2016-01-03,1,1,0,140.0,102.28571428571429,66.10714285714286
187,74,12.2,7.8,15.0,4,1,2016,2016-01-04,0,0,0,52.0,99.0,65.42857142857143
188,33,6.1,2.5,6.0,5,1,2016,2016-01-05,0,0,1,74.0,98.42857142857143,66.64285714285714
189,32,9.2,1.5,8.0,6,1,2016,2016-01-06,0,0,1,33.0,95.85714285714286,67.21428571428571
190,45,13.2,2.8,18.0,7,1,2016,2016-01-07,0,0,1,32.0,67.71428571428571,66.78571428571429
191,50,12.2,10.1,18.0,8,1,2016,2016-01-08,0,1,0,45.0,59.142857142857146,67.28571428571429
192,63,10.3,0.6,3.0,9,1,2016,2016-01-09,0,1,0,50.0,60.857142857142854,68.07142857142857
193,29,10.5,2.4,12.0,10,1,2016,2016-01-10,0,1,0,63.0,49.857142857142854,68.14285714285714
194,47,10.2,9.8,7.0,11,1,2016,2016-01-11,0,0,0,29.0,46.57142857142857,68.60714285714286
195,51,10.3,0.0,0.0,12,1,2016,2016-01-12,0,0,1,47.0,42.714285714285715,68.92857142857143
196,33,9.5,0.0,0.0,13,1,2016,2016-01-13,0,0,1,51.0,45.285714285714285,70.14285714285714
197,46,11.4,2.1,6.0,14,1,2016,2016-01-14,0,0,1,33.0,45.42857142857143,70.35714285714286
198,66,7.5,0.0,0.0,15,1,2016,2016-01-15,0,1,0,46.0,45.57142857142857,70.67857142857143
199,57,6.2,0.0,0.0,16,1,2016,2016-01-16,0,1,0,66.0,47.857142857142854,72.03571428571429
200,23,6.8,0.7,3.0,17,1,2016,2016-01-17,0,1,0,57.0,47.0,69.75
201,39,10.9,0.5,3.0,18,1,2016,2016-01-18,0,0,0,23.0,46.142857142857146,69.0
202,42,10.0,8.1,8.0,19,1,2016,2016-01-19,0,0,1,39.0,45.0,68.32142857142857
203,41,12.4,1.0,2.0,20,1,2016,2016-01-20,0,0,1,42.0,43.714285714285715,65.78571428571429
204,38,15.2,2.7,7.0,21,1,2016,2016-01-21,0,0,1,41.0,44.857142857142854,64.71428571428571
205,47,16.7,1.2,9.0,22,1,2016,2016-01-22,0,1,0,38.0,43.714285714285715,62.464285714285715
206,74,15.2,0.0,0.0,23,1,2016,2016-01-23,0,1,0,47.0,41.0,61.32142857142857
207,12,13.0,0.0,0.0,24,1,2016,2016-01-24,0,1,0,74.0,43.42857142857143,60.642857142857146
208,27,12.3,6.6,9.0,25,1,2016,2016-01-25,0,0,0,12.0,41.857142857142854,58.392857142857146
209,53,10.0,0.0,0.0,26,1,2016,2016-01-26,0,0,1,27.0,40.142857142857146,56.57142857142857
210,29,9.7,0.0,0.0,27,1,2016,2016-01-27,0,0,1,53.0,41.714285714285715,56.642857142857146
211,71,10.2,6.6,12.0,28,1,2016,2016-01-28,0,0,1,29.0,40.0,49.5
212,54,7.8,0.0,0.0,29,1,2016,2016-01-29,0,1,0,71.0,44.714285714285715,48.285714285714285
213,42,8.7,0.0,0.0,30,1,2016,2016-01-30,0,1,0,54.0,45.714285714285715,48.857142857142854
214,24,10.4,0.0,0.0,31,1,2016,2016-01-31,0,1,0,42.0,41.142857142857146,45.357142857142854
215,42,9.9,0.0,0.0,1,2,2016,2016-02-01,0,0,0,24.0,42.857142857142854,44.357142857142854
216,49,8.6,0.0,0.0,2,2,2016,2016-02-02,0,0,1,42.0,45.0,43.214285714285715
217,42,9.6,0.0,0.0,3,2,2016,2016-02-03,0,0,1,49.0,44.42857142857143,43.785714285714285
218,80,8.3,0.0,0.0,4,2,2016,2016-02-04,0,0,1,42.0,46.285714285714285,44.142857142857146
219,112,10.1,0.0,0.0,5,2,2016,2016-02-05,0,1,0,80.0,47.57142857142857,45.392857142857146
220,218,10.6,6.6,7.0,6,2,2016,2016-02-06,0,1,0,112.0,55.857142857142854,47.607142857142854
221,136,9.5,0.7,2.0,7,2,2016,2016-02-07,0,1,0,218.0,81.0,53.142857142857146
222,57,11.5,0.0,0.0,8,2,2016,2016-02-08,1,0,0,136.0,97.0,56.964285714285715
223,76,11.5,0.1,1.0,9,2,2016,2016-02-09,1,0,1,57.0,99.14285714285714,57.32142857142857
224,48,12.5,3.1,10.0,10,2,2016,2016-02-10,1,0,1,76.0,103.0,58.214285714285715
225,81,12.4,0.7,3.0,11,2,2016,2016-02-11,0,0,1,48.0,103.85714285714286,58.75
226,351,12.2,7.0,13.0,12,2,2016,2016-02-12,0,1,0,81.0,104.0,60.0
227,152,11.6,8.3,16.0,13,2,2016,2016-02-13,0,1,0,351.0,138.14285714285714,70.17857142857143
228,91,4.6,3.0,13.0,14,2,2016,2016-02-14,0,1,0,152.0,128.71428571428572,73.57142857142857
229,69,3.3,3.0,9.0,15,2,2016,2016-02-15,0,0,0,91.0,122.28571428571429,76.0
230,55,3.7,0.0,0.0,16,2,2016,2016-02-16,0,0,1,69.0,124.0,77.07142857142857
231,69,6.3,5.0,5.0,17,2,2016,2016-02-17,0,0,1,55.0,121.0,77.53571428571429
232,54,4.2,0.6,6.0,18,2,2016,2016-02-18,0,0,1,69.0,124.0,78.53571428571429
233,54,4.4,0.0,0.0,19,2,2016,2016-02-19,0,1,0,54.0,120.14285714285714,79.10714285714286
234,83,6.6,0.0,0.0,20,2,2016,2016-02-20,0,1,0,54.0,77.71428571428571,79.35714285714286
235,35,9.5,0.0,0.0,21,2,2016,2016-02-21,0,1,0,83.0,67.85714285714286,79.67857142857143
236,64,10.2,0.0,0.0,22,2,2016,2016-02-22,0,0,0,35.0,59.857142857142854,80.5
237,39,9.2,0.0,0.0,23,2,2016,2016-02-23,0,0,1,64.0,59.142857142857146,81.82142857142857
238,54,8.8,2.3,7.0,24,2,2016,2016-02-24,0,0,1,39.0,56.857142857142854,81.32142857142857
239,83,9.1,0.0,0.0,25,2,2016,2016-02-25,0,0,1,54.0,54.714285714285715,82.21428571428571
240,309,5.5,16.4,18.0,26,2,2016,2016-02-26,0,1,0,83.0,58.857142857142854,82.64285714285714
241,218,0.9,8.0,23.0,27,2,2016,2016-02-27,0,1,0,309.0,95.28571428571429,91.75
242,48,4.1,0.5,2.0,28,2,2016,2016-02-28,0,1,0,218.0,114.57142857142857,98.03571428571429
243,39,5.7,0.0,0.0,29,2,2016,2016-02-29,0,0,0,48.0,116.42857142857143,98.89285714285714
244,91,8.6,0.0,0.0,1,3,2016,2016-03-01,0,0,1,39.0,112.85714285714286,98.78571428571429
245,97,9.3,0.0,0.0,2,3,2016,2016-03-02,0,0,1,91.0,120.28571428571429,100.28571428571429
246,39,7.3,0.0,0.0,3,3,2016,2016-03-03,0,0,1,97.0,126.42857142857143,102.25
247,147,7.5,0.5,3.0,4,3,2016,2016-03-04,0,1,0,39.0,120.14285714285714,100.78571428571429
248,93,5.9,0.1,1.0,5,3,2016,2016-03-05,0,1,0,147.0,97.0,102.03571428571429
249,37,5.8,0.0,0.0,6,3,2016,2016-03-06,0,1,0,93.0,79.14285714285714,97.57142857142857
250,108,5.1,0.7,3.0,7,3,2016,2016-03-07,0,0,0,37.0,77.57142857142857,94.03571428571429
251,61,6.0,0.0,0.0,8,3,2016,2016-03-08,0,0,1,108.0,87.42857142857143,95.85714285714286
252,131,7.3,0.0,0.0,9,3,2016,2016-03-09,0,0,1,61.0,83.14285714285714,95.32142857142857
253,47,5.6,0.0,0.0,10,3,2016,2016-03-10,0,0,1,131.0,88.0,98.28571428571429
254,92,7.5,0.0,0.0,11,3,2016,2016-03-11,0,1,0,47.0,89.14285714285714,97.07142857142857
255,118,9.0,0.0,0.0,12,3,2016,2016-03-12,0,1,0,92.0,81.28571428571429,87.82142857142857
256,55,9.6,0.0,0.0,13,3,2016,2016-03-13,0,1,0,118.0,84.85714285714286,86.60714285714286
257,73,9.6,0.0,0.0,14,3,2016,2016-03-14,0,0,0,55.0,87.42857142857143,85.32142857142857
258,69,10.2,1.6,7.0,15,3,2016,2016-03-15,0,0,1,73.0,82.42857142857143,85.46428571428571
259,70,10.1,0.0,0.0,16,3,2016,2016-03-16,0,0,1,69.0,83.57142857142857,85.96428571428571
260,118,10.1,0.0,0.0,17,3,2016,2016-03-17,0,0,1,70.0,74.85714285714286,86.0
261,100,10.5,3.5,13.0,18,3,2016,2016-03-18,0,1,0,118.0,85.0,88.28571428571429
262,193,9.1,5.9,17.0,19,3,2016,2016-03-19,0,1,0,100.0,86.14285714285714,89.92857142857143
263,107,9.5,5.1,15.0,20,3,2016,2016-03-20,0,1,0,193.0,96.85714285714286,93.85714285714286
264,126,8.4,2.6,5.0,21,3,2016,2016-03-21,1,0,0,107.0,104.28571428571429,96.42857142857143
265,87,8.4,0.2,2.0,22,3,2016,2016-03-22,1,0,1,126.0,111.85714285714286,98.64285714285714
266,79,7.7,0.6,3.0,23,3,2016,2016-03-23,1,0,1,87.0,114.42857142857143,100.35714285714286
267,359,9.4,0.0,0.0,24,3,2016,2016-03-24,1,0,1,79.0,115.71428571428571,101.25
268,94,9.7,0.0,0.0,25,3,2016,2016-03-25,1,1,0,359.0,150.14285714285714,111.10714285714286
269,51,11.5,2.3,8.0,26,3,2016,2016-03-26,1,1,0,94.0,149.28571428571428,103.42857142857143
270,107,9.7,0.0,0.0,27,3,2016,2016-03-27,1,1,0,51.0,129.0,97.46428571428571
271,137,10.8,0.1,1.0,28,3,2016,2016-03-28,1,0,0,107.0,129.0,99.57142857142857
272,88,12.3,0.0,0.0,29,3,2016,2016-03-29,1,0,1,137.0,130.57142857142858,103.07142857142857
273,100,9.0,1.5,4.0,30,3,2016,2016-03-30,1,0,1,88.0,130.71428571428572,102.96428571428571
274,189,5.0,0.9,6.0,31,3,2016,2016-03-31,1,0,1,100.0,133.71428571428572,103.07142857142857
275,43,8.3,0.0,0.0,1,4,2016,2016-04-01,1,1,0,189.0,109.42857142857143,108.42857142857143
276,55,8.8,1.7,5.0,2,4,2016,2016-04-02,0,1,0,43.0,102.14285714285714,104.71428571428571
277,54,9.3,3.9,7.0,3,4,2016,2016-04-03,0,1,0,55.0,102.71428571428571,103.35714285714286
278,169,9.3,8.4,12.0,4,4,2016,2016-04-04,0,0,0,54.0,95.14285714285714,103.96428571428571
279,62,7.8,0.0,0.0,5,4,2016,2016-04-05,0,0,1,169.0,99.71428571428571,106.14285714285714
280,72,10.4,0.0,0.0,6,4,2016,2016-04-06,0,0,1,62.0,96.0,106.17857142857143
281,159,11.1,0.0,0.0,7,4,2016,2016-04-07,0,0,1,72.0,92.0,104.07142857142857
282,90,6.7,0.0,0.0,8,4,2016,2016-04-08,0,1,0,159.0,87.71428571428571,108.07142857142857
283,138,9.0,0.0,0.0,9,4,2016,2016-04-09,0,1,0,90.0,94.42857142857143,108.0
284,85,7.0,4.1,10.0,10,4,2016,2016-04-10,0,1,0,138.0,106.28571428571429,108.71428571428571
285,128,7.8,1.1,7.0,11,4,2016,2016-04-11,0,0,0,85.0,110.71428571428571,109.78571428571429
286,109,8.9,8.5,19.0,12,4,2016,2016-04-12,0,0,1,128.0,104.85714285714286,111.75
287,62,10.4,1.8,6.0,13,4,2016,2016-04-13,0,0,1,109.0,111.57142857142857,113.17857142857143
288,63,11.6,8.2,19.0,14,4,2016,2016-04-14,0,0,1,62.0,110.14285714285714,112.89285714285714
289,61,12.4,8.5,11.0,15,4,2016,2016-04-15,0,1,0,63.0,96.42857142857143,110.92857142857143
290,133,12.2,7.0,14.0,16,4,2016,2016-04-16,0,1,0,61.0,92.28571428571429,109.53571428571429
291,54,11.9,0.4,3.0,17,4,2016,2016-04-17,0,1,0,133.0,91.57142857142857,107.39285714285714
292,190,12.0,4.2,14.0,18,4,2016,2016-04-18,0,0,0,54.0,87.14285714285714,105.5
293,131,12.2,8.7,12.0,19,4,2016,2016-04-19,0,0,1,190.0,96.0,107.78571428571429
294,70,11.9,0.6,4.0,20,4,2016,2016-04-20,0,0,1,131.0,99.14285714285714,109.35714285714286
295,51,12.7,1.0,5.0,21,4,2016,2016-04-21,0,0,1,70.0,100.28571428571429,109.03571428571429
296,182,13.4,0.4,2.0,22,4,2016,2016-04-22,0,1,0,51.0,98.57142857142857,98.03571428571429
297,145,13.7,0.2,1.0,23,4,2016,2016-04-23,0,1,0,182.0,115.85714285714286,101.17857142857143
298,121,13.3,0.0,0.0,24,4,2016,2016-04-24,0,1,0,145.0,117.57142857142857,104.53571428571429
299,119,14.8,0.0,0.0,25,4,2016,2016-04-25,0,0,0,121.0,127.14285714285714,105.03571428571429
300,122,13.4,0.0,0.0,26,4,2016,2016-04-26,0,0,1,119.0,117.0,104.39285714285714
301,112,12.4,0.0,0.0,27,4,2016,2016-04-27,0,0,1,122.0,115.71428571428571,105.60714285714286
302,141,12.6,0.0,0.0,28,4,2016,2016-04-28,0,0,1,112.0,121.71428571428571,106.03571428571429
303,225,14.2,0.0,0.0,29,4,2016,2016-04-29,0,1,0,141.0,134.57142857142858,104.32142857142857
304,229,11.6,0.0,0.0,30,4,2016,2016-04-30,0,1,0,225.0,140.71428571428572,110.82142857142857
305,73,13.7,0.0,0.0,1,5,2016,2016-05-01,0,1,0,229.0,152.71428571428572,117.03571428571429
306,204,15.3,0.0,0.0,2,5,2016,2016-05-02,0,0,0,73.0,145.85714285714286,117.71428571428571
307,50,18.9,0.0,0.0,3,5,2016,2016-05-03,0,0,1,204.0,158.0,118.96428571428571
308,72,17.9,0.0,0.0,4,5,2016,2016-05-04,0,0,1,50.0,147.71428571428572,118.53571428571429
309,108,16.1,31.8,22.0,5,5,2016,2016-05-05,0,0,1,72.0,142.0,118.53571428571429
310,81,12.8,5.4,11.0,6,5,2016,2016-05-06,0,1,0,108.0,137.28571428571428,116.71428571428571
311,115,10.4,22.3,15.0,7,5,2016,2016-05-07,0,1,0,81.0,116.71428571428571,116.39285714285714
312,113,10.8,9.0,18.0,8,5,2016,2016-05-08,0,1,0,115.0,100.42857142857143,115.57142857142857
313,77,10.6,16.9,19.0,9,5,2016,2016-05-09,0,0,0,113.0,106.14285714285714,116.57142857142857
314,91,10.1,15.4,16.0,10,5,2016,2016-05-10,0,0,1,77.0,88.0,114.75
315,64,10.8,11.8,18.0,11,5,2016,2016-05-11,0,0,1,91.0,93.85714285714286,114.10714285714286
316,288,11.3,4.3,12.0,12,5,2016,2016-05-12,0,0,1,64.0,92.71428571428571,114.17857142857143
317,64,12.0,1.0,5.0,13,5,2016,2016-05-13,0,1,0,288.0,118.42857142857143,122.21428571428571
318,150,12.8,0.0,0.0,14,5,2016,2016-05-14,0,1,0,64.0,116.0,122.32142857142857
319,176,13.4,0.0,0.0,15,5,2016,2016-05-15,0,1,0,150.0,121.0,122.92857142857143
320,190,14.8,0.0,0.0,16,5,2016,2016-05-16,0,0,0,176.0,130.0,127.28571428571429
321,115,13.8,0.0,0.0,17,5,2016,2016-05-17,0,0,1,190.0,146.14285714285714,127.28571428571429
322,98,13.3,0.0,0.0,18,5,2016,2016-05-18,0,0,1,115.0,149.57142857142858,126.71428571428571
323,143,14.7,0.0,0.0,19,5,2016,2016-05-19,0,0,1,98.0,154.42857142857142,127.71428571428571
324,68,19.5,0.0,0.0,20,5,2016,2016-05-20,0,1,0,143.0,133.71428571428572,131.0
325,100,16.5,1.1,4.0,21,5,2016,2016-05-21,0,1,0,68.0,134.28571428571428,126.92857142857143
326,78,14.9,0.2,1.0,22,5,2016,2016-05-22,0,1,0,100.0,127.14285714285714,125.32142857142857
327,66,15.3,0.0,0.0,23,5,2016,2016-05-23,0,0,0,78.0,113.14285714285714,123.78571428571429
328,94,15.9,0.9,3.0,24,5,2016,2016-05-24,0,0,1,66.0,95.42857142857143,121.89285714285714
329,102,15.4,0.2,2.0,25,5,2016,2016-05-25,0,0,1,94.0,92.42857142857143,120.89285714285714
330,118,14.9,0.3,3.0,26,5,2016,2016-05-26,0,0,1,102.0,93.0,120.53571428571429
331,81,15.1,0.6,3.0,27,5,2016,2016-05-27,0,1,0,118.0,89.42857142857143,119.71428571428571
332,89,14.0,7.6,19.0,28,5,2016,2016-05-28,0,1,0,81.0,91.28571428571429,114.57142857142857
333,72,14.2,1.3,9.0,29,5,2016,2016-05-29,0,1,0,89.0,89.71428571428571,109.57142857142857
334,135,14.5,0.0,0.0,30,5,2016,2016-05-30,0,0,0,72.0,88.85714285714286,109.53571428571429
335,118,16.3,0.0,0.0,31,5,2016,2016-05-31,0,0,1,135.0,98.71428571428571,107.07142857142857
336,130,20.2,0.0,0.0,1,6,2016,2016-06-01,0,0,1,118.0,102.14285714285714,109.5
337,102,19.3,0.0,0.0,2,6,2016,2016-06-02,0,0,1,130.0,106.14285714285714,111.57142857142857
338,116,16.1,0.0,0.0,3,6,2016,2016-06-03,0,1,0,102.0,103.85714285714286,111.35714285714286
339,92,18.0,0.0,0.0,4,6,2016,2016-06-04,0,1,0,116.0,108.85714285714286,112.60714285714286
340,94,19.3,0.0,0.0,5,6,2016,2016-06-05,0,1,0,92.0,109.28571428571429,111.78571428571429
341,97,20.1,1.1,4.0,6,6,2016,2016-06-06,0,0,0,94.0,112.42857142857143,111.10714285714286
342,70,21.0,0.0,0.0,7,6,2016,2016-06-07,0,0,1,97.0,107.0,111.82142857142857
343,49,22.8,0.0,0.0,8,6,2016,2016-06-08,0,0,1,70.0,100.14285714285714,111.07142857142857
344,74,19.4,0.0,0.0,9,6,2016,2016-06-09,0,0,1,49.0,88.57142857142857,110.53571428571429
345,96,16.7,0.0,0.0,10,6,2016,2016-06-10,0,1,0,74.0,84.57142857142857,102.89285714285714
346,101,16.8,0.0,0.0,11,6,2016,2016-06-11,0,1,0,96.0,81.71428571428571,104.03571428571429
347,173,20.1,0.0,0.0,12,6,2016,2016-06-12,0,1,0,101.0,83.0,102.28571428571429
348,106,19.4,0.0,0.0,13,6,2016,2016-06-13,0,0,0,173.0,94.28571428571429,102.17857142857143
349,52,17.7,0.1,1.0,14,6,2016,2016-06-14,0,0,1,106.0,95.57142857142857,99.17857142857143
350,66,14.6,0.1,1.0,15,6,2016,2016-06-15,0,0,1,52.0,93.0,96.92857142857143
351,87,14.5,1.0,5.0,16,6,2016,2016-06-16,0,0,1,66.0,95.42857142857143,95.78571428571429
352,105,16.0,0.0,0.0,17,6,2016,2016-06-17,0,1,0,87.0,97.28571428571429,93.78571428571429
353,111,16.2,0.0,0.0,18,6,2016,2016-06-18,0,1,0,105.0,98.57142857142857,95.10714285714286
354,64,19.4,0.0,0.0,19,6,2016,2016-06-19,0,1,0,111.0,100.0,95.5
355,97,21.9,0.0,0.0,20,6,2016,2016-06-20,0,0,0,64.0,84.42857142857143,95.0
356,115,23.2,0.0,0.0,21,6,2016,2016-06-21,0,0,1,97.0,83.14285714285714,96.10714285714286
357,96,23.3,0.0,0.0,22,6,2016,2016-06-22,0,0,1,115.0,92.14285714285714,96.85714285714286
358,87,21.5,0.0,0.0,23,6,2016,2016-06-23,0,0,1,96.0,96.42857142857143,96.64285714285714
359,47,18.5,0.0,0.0,24,6,2016,2016-06-24,0,1,0,87.0,96.42857142857143,95.53571428571429
360,142,17.9,0.0,0.0,25,6,2016,2016-06-25,0,1,0,47.0,88.14285714285714,94.32142857142857
361,109,21.1,0.0,0.0,26,6,2016,2016-06-26,0,1,0,142.0,92.57142857142857,96.21428571428571
362,77,24.0,0.0,0.0,27,6,2016,2016-06-27,0,0,0,109.0,99.0,97.53571428571429
363,72,21.9,0.0,0.0,28,6,2016,2016-06-28,0,0,1,77.0,96.14285714285714,95.46428571428571
364,30,18.2,0.0,0.0,29,6,2016,2016-06-29,0,0,1,72.0,90.0,93.82142857142857
365,106,18.0,0.0,0.0,30,6,2016,2016-06-30,0,0,1,30.0,80.57142857142857,90.25
366,76,18.2,0.0,0.0,1,7,2016,2016-07-01,0,1,0,106.0,83.28571428571429,90.39285714285714
367,115,18.8,0.0,0.0,2,7,2016,2016-07-02,0,1,0,76.0,87.42857142857143,88.96428571428571
368,72,24.3,0.0,0.0,3,7,2016,2016-07-03,0,1,0,115.0,83.57142857142857,89.78571428571429
369,123,24.6,0.0,0.0,4,7,2016,2016-07-04,0,0,0,72.0,78.28571428571429,89.0
370,80,24.0,0.0,0.0,5,7,2016,2016-07-05,0,0,1,123.0,84.85714285714286,89.92857142857143
371,47,23.5,0.0,0.0,6,7,2016,2016-07-06,0,0,1,80.0,86.0,90.28571428571429
372,71,25.1,3.0,3.0,7,7,2016,2016-07-07,0,0,1,47.0,88.42857142857143,90.21428571428571
373,98,21.9,0.0,0.0,8,7,2016,2016-07-08,0,1,0,71.0,83.42857142857143,90.10714285714286
374,109,21.9,0.0,0.0,9,7,2016,2016-07-09,1,1,0,98.0,86.57142857142857,90.17857142857143
375,63,20.3,0.0,0.0,10,7,2016,2016-07-10,1,1,0,109.0,85.71428571428571,90.46428571428571
376,108,18.5,0.0,0.0,11,7,2016,2016-07-11,1,0,0,63.0,84.42857142857143,86.53571428571429
377,85,16.5,0.0,0.0,12,7,2016,2016-07-12,1,0,1,108.0,82.28571428571429,86.60714285714286
378,65,18.1,0.0,0.0,13,7,2016,2016-07-13,1,0,1,85.0,83.0,87.78571428571429
379,105,23.2,0.0,0.0,14,7,2016,2016-07-14,1,0,1,65.0,85.57142857142857,87.75
380,131,25.3,0.0,0.0,15,7,2016,2016-07-15,1,1,0,105.0,90.42857142857143,88.39285714285714
381,152,25.4,0.0,0.0,16,7,2016,2016-07-16,1,1,0,131.0,95.14285714285714,89.32142857142857
382,116,25.3,0.0,0.0,17,7,2016,2016-07-17,1,1,0,152.0,101.28571428571429,90.78571428571429
383,162,24.4,0.0,0.0,18,7,2016,2016-07-18,1,0,0,116.0,108.85714285714286,92.64285714285714
384,78,24.4,0.0,0.0,19,7,2016,2016-07-19,1,0,1,162.0,116.57142857142857,94.96428571428571
385,83,21.3,0.0,0.0,20,7,2016,2016-07-20,1,0,1,78.0,115.57142857142857,93.64285714285714
386,118,20.4,0.0,0.0,21,7,2016,2016-07-21,1,0,1,83.0,118.14285714285714,93.17857142857143
387,105,20.4,0.0,0.0,22,7,2016,2016-07-22,1,1,0,118.0,120.0,94.28571428571429
388,157,24.0,0.0,0.0,23,7,2016,2016-07-23,1,1,0,105.0,116.28571428571429,96.35714285714286
389,106,26.7,0.0,0.0,24,7,2016,2016-07-24,1,1,0,157.0,117.0,96.89285714285714
390,140,27.6,0.0,0.0,25,7,2016,2016-07-25,1,0,0,106.0,115.57142857142857,96.78571428571429
391,72,24.0,0.0,0.0,26,7,2016,2016-07-26,1,0,1,140.0,112.42857142857143,99.03571428571429
392,72,22.1,0.0,0.0,27,7,2016,2016-07-27,1,0,1,72.0,111.57142857142857,99.03571428571429
393,88,25.1,0.0,0.0,28,7,2016,2016-07-28,1,0,1,72.0,110.0,100.53571428571429
394,84,26.3,0.0,0.0,29,7,2016,2016-07-29,1,1,0,88.0,105.71428571428571,99.89285714285714
395,151,21.9,0.0,0.0,30,7,2016,2016-07-30,1,1,0,84.0,102.71428571428571,100.17857142857143
396,113,20.2,0.0,0.0,31,7,2016,2016-07-31,1,1,0,151.0,101.85714285714286,101.46428571428571
397,203,20.3,0.0,0.0,1,8,2016,2016-08-01,1,0,0,113.0,102.85714285714286,102.92857142857143
398,119,22.2,0.0,0.0,2,8,2016,2016-08-02,1,0,1,203.0,111.85714285714286,105.78571428571429
399,73,20.0,0.0,0.0,3,8,2016,2016-08-03,1,0,1,119.0,118.57142857142857,107.17857142857143
400,121,21.7,0.0,0.0,4,8,2016,2016-08-04,1,0,1,73.0,118.71428571428571,108.10714285714286
401,120,21.3,0.0,0.0,5,8,2016,2016-08-05,1,1,0,121.0,123.42857142857143,109.89285714285714
402,114,25.8,0.0,0.0,6,8,2016,2016-08-06,1,1,0,120.0,128.57142857142858,110.67857142857143
403,137,27.5,0.0,0.0,7,8,2016,2016-08-07,1,1,0,114.0,123.28571428571429,110.85714285714286
404,181,27.1,0.0,0.0,8,8,2016,2016-08-08,1,0,0,137.0,126.71428571428571,113.5
405,75,25.3,0.0,0.0,9,8,2016,2016-08-09,1,0,1,181.0,123.57142857142857,116.10714285714286
406,105,24.2,0.0,0.0,10,8,2016,2016-08-10,1,0,1,75.0,117.28571428571429,115.75
407,122,26.8,0.0,0.0,11,8,2016,2016-08-11,1,0,1,105.0,121.85714285714286,117.17857142857143
408,140,26.9,0.0,0.0,12,8,2016,2016-08-12,1,1,0,122.0,122.0,117.78571428571429
409,193,25.4,0.0,0.0,13,8,2016,2016-08-13,1,1,0,140.0,124.85714285714286,118.10714285714286
410,103,21.9,0.0,0.0,14,8,2016,2016-08-14,1,1,0,193.0,136.14285714285714,119.57142857142857
411,170,20.7,0.0,0.0,15,8,2016,2016-08-15,1,0,0,103.0,131.28571428571428,119.10714285714286
412,144,20.7,0.0,0.0,16,8,2016,2016-08-16,1,0,1,170.0,129.71428571428572,119.39285714285714
413,103,22.1,0.0,0.0,17,8,2016,2016-08-17,1,0,1,144.0,139.57142857142858,121.75
414,145,20.1,0.0,0.0,18,8,2016,2016-08-18,1,0,1,103.0,139.28571428571428,122.46428571428571
415,88,23.0,0.0,0.0,19,8,2016,2016-08-19,1,1,0,145.0,142.57142857142858,123.42857142857143
416,157,18.9,0.0,0.0,20,8,2016,2016-08-20,1,1,0,88.0,135.14285714285714,122.82142857142857
417,95,21.6,0.0,0.0,21,8,2016,2016-08-21,1,1,0,157.0,130.0,122.82142857142857
418,166,24.9,0.0,0.0,22,8,2016,2016-08-22,1,0,0,95.0,128.85714285714286,122.42857142857143
419,82,24.7,0.0,0.0,23,8,2016,2016-08-23,1,0,1,166.0,128.28571428571428,123.35714285714286
420,81,24.2,0.0,0.0,24,8,2016,2016-08-24,1,0,1,82.0,119.42857142857143,123.71428571428571
421,97,22.4,0.0,0.0,25,8,2016,2016-08-25,1,0,1,81.0,116.28571428571429,124.03571428571429
422,150,24.4,0.0,0.0,26,8,2016,2016-08-26,1,1,0,97.0,109.42857142857143,124.35714285714286
423,143,23.9,0.0,0.0,27,8,2016,2016-08-27,1,1,0,150.0,118.28571428571429,126.71428571428571
424,109,20.3,0.0,0.0,28,8,2016,2016-08-28,1,1,0,143.0,116.28571428571429,126.42857142857143
425,132,19.4,0.0,0.0,29,8,2016,2016-08-29,1,0,0,109.0,118.28571428571429,126.28571428571429
426,96,19.8,0.0,0.0,30,8,2016,2016-08-30,1,0,1,132.0,113.42857142857143,123.75
427,75,19.8,0.0,0.0,31,8,2016,2016-08-31,1,0,1,96.0,115.42857142857143,122.92857142857143
428,147,22.8,0.0,0.0,1,9,2016,2016-09-01,1,0,1,75.0,114.57142857142857,123.0
429,117,24.3,0.0,0.0,2,9,2016,2016-09-02,1,1,0,147.0,121.71428571428571,123.92857142857143
430,92,26.4,0.0,0.0,3,9,2016,2016-09-03,1,1,0,117.0,117.0,123.82142857142857
431,91,27.2,0.0,0.0,4,9,2016,2016-09-04,1,1,0,92.0,109.71428571428571,123.03571428571429
432,122,28.6,0.0,0.0,5,9,2016,2016-09-05,1,0,0,91.0,107.14285714285714,121.39285714285714
433,56,28.4,0.0,0.0,6,9,2016,2016-09-06,1,0,1,122.0,105.71428571428571,119.28571428571429
434,92,22.3,0.0,0.0,7,9,2016,2016-09-07,1,0,1,56.0,100.0,118.60714285714286
435,71,18.5,0.0,0.0,8,9,2016,2016-09-08,1,0,1,92.0,102.42857142857143,118.14285714285714
436,96,18.5,0.0,0.0,9,9,2016,2016-09-09,1,1,0,71.0,91.57142857142857,116.32142857142857
437,96,20.9,0.0,0.0,10,9,2016,2016-09-10,1,1,0,96.0,88.57142857142857,114.75
438,127,23.1,0.0,0.0,11,9,2016,2016-09-11,1,1,0,96.0,89.14285714285714,111.28571428571429
439,108,21.8,0.0,0.0,12,9,2016,2016-09-12,1,0,0,127.0,94.28571428571429,112.14285714285714
440,69,18.4,15.7,8.0,13,9,2016,2016-09-13,1,0,1,108.0,92.28571428571429,109.92857142857143
441,74,15.7,0.0,0.0,14,9,2016,2016-09-14,1,0,1,69.0,94.14285714285714,107.25
442,155,17.4,0.0,0.0,15,9,2016,2016-09-15,1,0,1,74.0,91.57142857142857,106.21428571428571
443,58,18.1,0.0,0.0,16,9,2016,2016-09-16,1,1,0,155.0,103.57142857142857,106.57142857142857
444,58,20.7,0.0,0.0,17,9,2016,2016-09-17,0,1,0,58.0,98.14285714285714,105.5
445,132,21.2,0.0,0.0,18,9,2016,2016-09-18,0,1,0,58.0,92.71428571428571,101.96428571428571
446,144,20.4,0.0,0.0,19,9,2016,2016-09-19,0,0,0,132.0,93.42857142857143,103.28571428571429
447,133,18.8,0.0,0.0,20,9,2016,2016-09-20,0,0,1,144.0,98.57142857142857,102.5
448,144,17.1,0.0,0.0,21,9,2016,2016-09-21,0,0,1,133.0,107.71428571428571,104.32142857142857
449,63,16.6,0.0,0.0,22,9,2016,2016-09-22,0,0,1,144.0,117.71428571428571,106.57142857142857
450,94,19.6,0.0,0.0,23,9,2016,2016-09-23,0,1,0,63.0,104.57142857142857,105.35714285714286
451,91,19.9,0.0,0.0,24,9,2016,2016-09-24,0,1,0,94.0,109.71428571428571,103.35714285714286
452,72,19.1,0.0,0.0,25,9,2016,2016-09-25,0,1,0,91.0,114.42857142857143,101.5
453,191,15.9,0.0,0.0,26,9,2016,2016-09-26,0,0,0,72.0,105.85714285714286,100.17857142857143
454,66,19.9,0.0,0.0,27,9,2016,2016-09-27,0,0,1,191.0,112.57142857142857,102.28571428571429
455,61,23.7,0.0,0.0,28,9,2016,2016-09-28,0,0,1,66.0,103.0,101.21428571428571
456,77,22.9,0.0,0.0,29,9,2016,2016-09-29,0,0,1,61.0,91.14285714285714,100.71428571428571
457,111,21.4,0.0,0.0,30,9,2016,2016-09-30,0,1,0,77.0,93.14285714285714,98.21428571428571
458,90,17.2,0.0,0.0,1,10,2016,2016-10-01,0,1,0,111.0,95.57142857142857,98.0
459,74,16.2,0.0,0.0,2,10,2016,2016-10-02,0,1,0,90.0,95.42857142857143,97.92857142857143
460,99,16.9,0.0,0.0,3,10,2016,2016-10-03,0,0,0,74.0,95.71428571428571,97.32142857142857
461,81,17.4,0.0,0.0,4,10,2016,2016-10-04,0,0,1,99.0,82.57142857142857,96.5
462,98,19.4,0.0,0.0,5,10,2016,2016-10-05,0,0,1,81.0,84.71428571428571,97.39285714285714
463,230,17.8,0.0,0.0,6,10,2016,2016-10-06,0,0,1,98.0,90.0,97.60714285714286
464,66,16.4,0.0,0.0,7,10,2016,2016-10-07,0,1,0,230.0,111.85714285714286,103.28571428571429
465,133,16.7,0.0,0.0,8,10,2016,2016-10-08,0,1,0,66.0,105.42857142857143,102.21428571428571
466,209,16.5,0.0,0.0,9,10,2016,2016-10-09,0,1,0,133.0,111.57142857142857,103.53571428571429
467,65,17.0,0.0,0.0,10,10,2016,2016-10-10,0,0,0,209.0,130.85714285714286,106.46428571428571
468,112,16.8,5.0,4.0,11,10,2016,2016-10-11,0,0,1,65.0,126.0,104.92857142857143
469,166,16.5,9.3,10.0,12,10,2016,2016-10-12,0,0,1,112.0,130.42857142857142,106.46428571428571
470,40,14.7,0.6,3.0,13,10,2016,2016-10-13,0,0,1,166.0,140.14285714285714,109.75
471,40,14.1,0.0,0.0,14,10,2016,2016-10-14,0,1,0,40.0,113.0,105.64285714285714
472,90,15.6,0.6,3.0,15,10,2016,2016-10-15,0,1,0,40.0,109.28571428571429,105.0
473,176,16.6,0.8,4.0,16,10,2016,2016-10-16,0,1,0,90.0,103.14285714285714,106.14285714285714
474,95,17.4,8.4,14.0,17,10,2016,2016-10-17,0,0,0,176.0,98.42857142857143,107.71428571428571
475,136,20.1,1.2,7.0,18,10,2016,2016-10-18,0,0,1,95.0,102.71428571428571,105.96428571428571
476,93,19.9,0.0,0.0,19,10,2016,2016-10-19,0,0,1,136.0,106.14285714285714,106.07142857142857
477,200,18.9,0.0,0.0,20,10,2016,2016-10-20,0,0,1,93.0,95.71428571428571,104.25
478,125,17.8,4.2,4.0,21,10,2016,2016-10-21,0,1,0,200.0,118.57142857142857,109.14285714285714
479,208,17.4,15.1,20.0,22,10,2016,2016-10-22,0,1,0,125.0,130.71428571428572,110.25
480,110,13.6,4.8,13.0,23,10,2016,2016-10-23,0,1,0,208.0,147.57142857142858,114.42857142857143
481,120,14.1,10.9,23.0,24,10,2016,2016-10-24,0,0,0,110.0,138.14285714285714,115.78571428571429
482,82,16.6,9.7,16.0,25,10,2016,2016-10-25,0,0,1,120.0,141.71428571428572,113.25
483,119,20.1,0.0,0.0,26,10,2016,2016-10-26,0,0,1,82.0,134.0,113.82142857142857
484,130,23.2,0.0,0.0,27,10,2016,2016-10-27,0,0,1,119.0,137.71428571428572,115.89285714285714
485,141,23.4,0.0,0.0,28,10,2016,2016-10-28,0,1,0,130.0,127.71428571428571,117.78571428571429
486,180,22.3,0.0,0.0,29,10,2016,2016-10-29,0,1,0,141.0,130.0,118.85714285714286
487,129,20.3,0.0,0.0,30,10,2016,2016-10-30,0,1,0,180.0,126.0,122.07142857142857
488,127,19.0,0.0,0.0,31,10,2016,2016-10-31,0,0,0,129.0,128.71428571428572,124.03571428571429
489,101,18.8,0.7,4.0,1,11,2016,2016-11-01,0,0,1,127.0,129.71428571428572,125.03571428571429
490,80,17.8,0.4,2.0,2,11,2016,2016-11-02,0,0,1,101.0,132.42857142857142,125.75
491,114,17.9,1.6,8.0,3,11,2016,2016-11-03,0,0,1,80.0,126.85714285714286,125.10714285714286
492,105,17.1,5.8,9.0,4,11,2016,2016-11-04,0,1,0,114.0,124.57142857142857,120.96428571428571
493,164,13.8,7.9,17.0,5,11,2016,2016-11-05,0,1,0,105.0,119.42857142857143,122.35714285714286
494,61,10.3,0.0,0.0,6,11,2016,2016-11-06,0,1,0,164.0,117.14285714285714,123.46428571428571
495,75,8.1,0.2,1.0,7,11,2016,2016-11-07,0,0,0,61.0,107.42857142857143,118.17857142857143
496,83,9.7,0.0,0.0,8,11,2016,2016-11-08,0,0,1,75.0,100.0,118.53571428571429
497,53,13.5,0.4,2.0,9,11,2016,2016-11-09,0,0,1,83.0,97.42857142857143,117.5
498,103,12.8,0.0,0.0,10,11,2016,2016-11-10,0,0,1,53.0,93.57142857142857,113.46428571428571
499,79,14.0,0.0,0.0,11,11,2016,2016-11-11,0,1,0,103.0,92.0,115.71428571428571
500,114,15.3,6.9,5.0,12,11,2016,2016-11-12,0,1,0,79.0,88.28571428571429,117.10714285714286
501,60,15.2,4.4,3.0,13,11,2016,2016-11-13,0,1,0,114.0,81.14285714285714,117.96428571428571
502,89,13.7,0.0,0.0,14,11,2016,2016-11-14,0,0,0,60.0,81.0,113.82142857142857
503,64,10.7,0.0,0.0,15,11,2016,2016-11-15,0,0,1,89.0,83.0,113.60714285714286
504,51,11.3,0.0,0.0,16,11,2016,2016-11-16,0,0,1,64.0,80.28571428571429,111.03571428571429
505,116,12.1,0.0,0.0,17,11,2016,2016-11-17,0,0,1,51.0,80.0,109.53571428571429
506,120,13.4,0.0,0.0,18,11,2016,2016-11-18,0,1,0,116.0,81.85714285714286,106.53571428571429
507,97,12.1,0.3,1.0,19,11,2016,2016-11-19,0,1,0,120.0,87.71428571428571,106.35714285714286
508,36,13.9,22.3,21.0,20,11,2016,2016-11-20,0,1,0,97.0,85.28571428571429,102.39285714285714
509,69,10.5,10.2,15.0,21,11,2016,2016-11-21,0,0,0,36.0,81.85714285714286,99.75
510,33,7.8,0.1,1.0,22,11,2016,2016-11-22,0,0,1,69.0,79.0,97.92857142857143
511,46,6.7,0.1,1.0,23,11,2016,2016-11-23,0,0,1,33.0,74.57142857142857,96.17857142857143
512,60,7.9,3.0,9.0,24,11,2016,2016-11-24,0,0,1,46.0,73.85714285714286,93.57142857142857
513,90,9.2,10.8,11.0,25,11,2016,2016-11-25,0,1,0,60.0,65.85714285714286,91.07142857142857
514,130,10.0,6.8,13.0,26,11,2016,2016-11-26,0,1,0,90.0,61.57142857142857,89.25
515,30,9.3,0.0,0.0,27,11,2016,2016-11-27,0,1,0,130.0,66.28571428571429,87.46428571428571
516,46,11.2,0.0,0.0,28,11,2016,2016-11-28,0,0,0,30.0,65.42857142857143,83.92857142857143
517,69,10.9,0.7,3.0,29,11,2016,2016-11-29,0,0,1,46.0,62.142857142857146,81.03571428571429
518,35,11.8,4.2,11.0,30,11,2016,2016-11-30,0,0,1,69.0,67.28571428571429,79.89285714285714
519,84,12.6,6.2,16.0,1,12,2016,2016-12-01,0,0,1,35.0,65.71428571428571,78.28571428571429
520,111,12.1,1.3,3.0,2,12,2016,2016-12-02,0,1,0,84.0,69.14285714285714,77.21428571428571
521,197,12.6,17.1,21.0,3,12,2016,2016-12-03,0,1,0,111.0,72.14285714285714,77.42857142857143
522,30,12.5,0.9,7.0,4,12,2016,2016-12-04,0,1,0,197.0,81.71428571428571,78.60714285714286
523,111,14.3,0.0,0.0,5,12,2016,2016-12-05,0,0,0,30.0,81.71428571428571,77.5
524,42,13.5,0.0,0.0,6,12,2016,2016-12-06,0,0,1,111.0,91.0,78.78571428571429
525,53,13.4,0.0,0.0,7,12,2016,2016-12-07,0,0,1,42.0,87.14285714285714,77.32142857142857
526,146,11.9,0.0,0.0,8,12,2016,2016-12-08,0,0,1,53.0,89.71428571428571,77.32142857142857
527,35,11.9,0.0,0.0,9,12,2016,2016-12-09,0,1,0,146.0,98.57142857142857,78.85714285714286
528,79,13.6,0.0,0.0,10,12,2016,2016-12-10,0,1,0,35.0,87.71428571428571,77.28571428571429
529,29,13.4,0.0,0.0,11,12,2016,2016-12-11,0,1,0,79.0,70.85714285714286,76.03571428571429
530,46,11.1,0.0,0.0,12,12,2016,2016-12-12,0,0,0,29.0,70.71428571428571,74.92857142857143
531,41,11.2,0.1,1.0,13,12,2016,2016-12-13,0,0,1,46.0,61.42857142857143,73.39285714285714
532,40,9.7,7.9,9.0,14,12,2016,2016-12-14,0,0,1,41.0,61.285714285714285,72.57142857142857
533,54,9.3,10.7,5.0,15,12,2016,2016-12-15,0,0,1,40.0,59.42857142857143,72.17857142857143
534,73,5.2,7.0,19.0,16,12,2016,2016-12-16,0,1,0,54.0,46.285714285714285,69.96428571428571
535,113,7.6,0.0,0.0,17,12,2016,2016-12-17,0,1,0,73.0,51.714285714285715,68.28571428571429
536,37,7.9,0.0,0.0,18,12,2016,2016-12-18,0,1,0,113.0,56.57142857142857,68.85714285714286
537,69,7.2,0.0,0.0,19,12,2016,2016-12-19,1,0,0,37.0,57.714285714285715,68.89285714285714
538,65,7.2,0.0,0.0,20,12,2016,2016-12-20,1,0,1,69.0,61.0,68.89285714285714
539,58,7.7,0.0,0.0,21,12,2016,2016-12-21,1,0,1,65.0,64.42857142857143,70.03571428571429
540,89,9.5,0.0,0.0,22,12,2016,2016-12-22,1,0,1,58.0,67.0,70.46428571428571
541,122,9.1,0.0,0.0,23,12,2016,2016-12-23,1,1,0,89.0,72.0,71.5
542,127,8.9,0.0,0.0,24,12,2016,2016-12-24,1,1,0,122.0,79.0,72.64285714285714
543,48,9.1,0.0,0.0,25,12,2016,2016-12-25,1,1,0,127.0,81.0,72.53571428571429
544,103,8.6,0.0,0.0,26,12,2016,2016-12-26,1,0,0,48.0,82.57142857142857,73.17857142857143
545,70,8.1,0.0,0.0,27,12,2016,2016-12-27,1,0,1,103.0,87.42857142857143,75.21428571428571
546,60,8.7,0.0,0.0,28,12,2016,2016-12-28,1,0,1,70.0,88.14285714285714,75.25
547,65,8.6,0.0,0.0,29,12,2016,2016-12-29,1,0,1,60.0,88.42857142857143,76.14285714285714
548,267,8.8,0.0,0.0,30,12,2016,2016-12-30,1,1,0,65.0,85.0,75.46428571428571
549,65,7.9,0.0,0.0,31,12,2016,2016-12-31,1,1,0,267.0,105.71428571428571,81.03571428571429
550,47,7.2,0.2,2.0,1,1,2017,2017-01-01,1,1,0,65.0,96.85714285714286,76.32142857142857
551,107,8.7,28.6,20.0,2,1,2017,2017-01-02,1,0,0,47.0,96.71428571428571,76.92857142857143
552,60,13.2,4.2,14.0,3,1,2017,2017-01-03,0,0,1,107.0,97.28571428571429,76.78571428571429
553,59,13.5,0.5,3.0,4,1,2017,2017-01-04,0,0,1,60.0,95.85714285714286,77.42857142857143
554,59,11.4,0.0,0.0,5,1,2017,2017-01-05,0,0,1,59.0,95.71428571428571,77.64285714285714
555,93,9.2,0.0,0.0,6,1,2017,2017-01-06,0,1,0,59.0,94.85714285714286,74.53571428571429
556,76,8.3,0.0,0.0,7,1,2017,2017-01-07,0,1,0,93.0,70.0,76.60714285714286
557,53,6.6,0.0,0.0,8,1,2017,2017-01-08,0,1,0,76.0,71.57142857142857,76.5
558,53,6.5,0.0,0.0,9,1,2017,2017-01-09,0,0,0,53.0,72.42857142857143,77.35714285714286
559,55,7.9,0.0,0.0,10,1,2017,2017-01-10,0,0,1,53.0,64.71428571428571,77.60714285714286
560,38,9.9,0.0,0.0,11,1,2017,2017-01-11,0,0,1,55.0,64.0,78.10714285714286
561,64,10.3,0.0,0.0,12,1,2017,2017-01-12,0,0,1,38.0,61.0,78.03571428571429
562,39,6.7,0.0,0.0,13,1,2017,2017-01-13,0,1,0,64.0,61.714285714285715,78.39285714285714
563,131,4.1,0.0,0.0,14,1,2017,2017-01-14,0,1,0,39.0,54.0,77.17857142857143
564,33,4.7,0.0,0.0,15,1,2017,2017-01-15,0,1,0,131.0,61.857142857142854,77.82142857142857
565,140,6.2,0.0,0.0,16,1,2017,2017-01-16,0,0,0,33.0,59.0,77.67857142857143
566,47,7.3,0.0,0.0,17,1,2017,2017-01-17,0,0,1,140.0,71.42857142857143,80.21428571428571
567,42,1.8,0.0,0.0,18,1,2017,2017-01-18,0,0,1,47.0,70.28571428571429,79.57142857142857
568,100,0.8,0.0,0.0,19,1,2017,2017-01-19,0,0,1,42.0,70.85714285714286,79.0
569,47,3.5,0.0,0.0,20,1,2017,2017-01-20,0,1,0,100.0,76.0,79.39285714285714
570,82,5.4,0.0,0.0,21,1,2017,2017-01-21,0,1,0,47.0,77.14285714285714,76.71428571428571
571,46,6.2,0.0,0.0,22,1,2017,2017-01-22,0,1,0,82.0,70.14285714285714,75.10714285714286
572,43,5.5,0.0,0.0,23,1,2017,2017-01-23,0,0,0,46.0,72.0,75.03571428571429
573,52,6.6,0.0,0.0,24,1,2017,2017-01-24,0,0,1,43.0,58.142857142857146,72.89285714285714
574,49,6.9,0.0,0.0,25,1,2017,2017-01-25,0,0,1,52.0,58.857142857142854,72.25
575,100,8.6,15.8,13.0,26,1,2017,2017-01-26,0,0,1,49.0,59.857142857142854,71.85714285714286
576,139,6.2,6.8,9.0,27,1,2017,2017-01-27,0,1,0,100.0,59.857142857142854,73.10714285714286
577,124,9.8,0.0,0.0,28,1,2017,2017-01-28,0,1,0,139.0,73.0,68.53571428571429
578,71,11.3,3.8,7.0,29,1,2017,2017-01-29,0,1,0,124.0,79.0,70.64285714285714
579,91,10.7,0.1,1.0,30,1,2017,2017-01-30,0,0,0,71.0,82.57142857142857,71.5
580,49,10.2,10.9,15.0,31,1,2017,2017-01-31,0,0,1,91.0,89.42857142857143,70.92857142857143
581,48,9.7,1.4,6.0,1,2,2017,2017-02-01,0,0,1,49.0,89.0,70.53571428571429
582,51,10.3,4.2,8.0,2,2,2017,2017-02-02,0,0,1,48.0,88.85714285714286,70.14285714285714
583,89,9.5,2.2,9.0,3,2,2017,2017-02-03,0,1,0,51.0,81.85714285714286,69.85714285714286
584,152,11.3,4.0,18.0,4,2,2017,2017-02-04,0,1,0,89.0,74.71428571428571,69.71428571428571
585,29,8.6,0.3,1.0,5,2,2017,2017-02-05,0,1,0,152.0,78.71428571428571,72.42857142857143
586,124,9.8,0.0,0.0,6,2,2017,2017-02-06,0,0,0,29.0,72.71428571428571,71.57142857142857
587,49,10.2,4.1,6.0,7,2,2017,2017-02-07,0,0,1,124.0,77.42857142857143,74.10714285714286
588,63,7.3,0.0,0.0,8,2,2017,2017-02-08,0,0,1,49.0,77.42857142857143,73.89285714285714
589,76,5.7,3.4,5.0,9,2,2017,2017-02-09,0,0,1,63.0,79.57142857142857,74.78571428571429
590,171,5.6,3.3,6.0,10,2,2017,2017-02-10,0,1,0,76.0,83.14285714285714,75.21428571428571
591,131,4.4,8.5,9.0,11,2,2017,2017-02-11,0,1,0,171.0,94.85714285714286,79.92857142857143
592,76,9.1,7.0,17.0,12,2,2017,2017-02-12,0,1,0,131.0,91.85714285714286,79.92857142857143
593,147,9.0,1.0,4.0,13,2,2017,2017-02-13,0,0,0,76.0,98.57142857142857,81.46428571428571
594,105,10.4,8.8,16.0,14,2,2017,2017-02-14,0,0,1,147.0,101.85714285714286,81.71428571428571
595,46,11.6,0.0,0.0,15,2,2017,2017-02-15,0,0,1,105.0,109.85714285714286,83.78571428571429
596,92,11.9,0.0,0.0,16,2,2017,2017-02-16,0,0,1,46.0,107.42857142857143,83.92857142857143
597,192,11.0,0.0,0.0,17,2,2017,2017-02-17,0,1,0,92.0,109.71428571428571,83.64285714285714
598,180,9.1,0.0,0.0,18,2,2017,2017-02-18,0,1,0,192.0,112.71428571428571,88.82142857142857
599,84,8.5,0.0,0.0,19,2,2017,2017-02-19,0,1,0,180.0,119.71428571428571,92.32142857142857
600,85,9.1,0.0,0.0,20,2,2017,2017-02-20,0,0,0,84.0,120.85714285714286,93.67857142857143
601,84,9.9,0.0,0.0,21,2,2017,2017-02-21,0,0,1,85.0,112.0,95.17857142857143
602,126,11.3,0.0,0.0,22,2,2017,2017-02-22,0,0,1,84.0,109.0,96.32142857142857
603,133,10.1,0.0,0.0,23,2,2017,2017-02-23,0,0,1,126.0,120.42857142857143,99.07142857142857
604,119,10.1,0.0,0.0,24,2,2017,2017-02-24,0,1,0,133.0,126.28571428571429,100.25
605,231,10.0,0.0,0.0,25,2,2017,2017-02-25,0,1,0,119.0,115.85714285714286,99.53571428571429
606,101,11.3,0.0,0.0,26,2,2017,2017-02-26,0,1,0,231.0,123.14285714285714,103.35714285714286
607,73,11.1,0.1,1.0,27,2,2017,2017-02-27,1,0,0,101.0,125.57142857142857,104.42857142857143
608,119,10.4,0.0,0.0,28,2,2017,2017-02-28,1,0,1,73.0,123.85714285714286,103.78571428571429
609,129,11.3,0.1,1.0,1,3,2017,2017-03-01,1,0,1,119.0,128.85714285714286,106.28571428571429
610,179,10.8,0.0,0.0,2,3,2017,2017-03-02,0,0,1,129.0,129.28571428571428,109.17857142857143
611,39,5.5,12.1,12.0,3,3,2017,2017-03-03,0,1,0,179.0,135.85714285714286,113.75
612,50,9.0,9.9,8.0,4,3,2017,2017-03-04,0,1,0,39.0,124.42857142857143,111.96428571428571
613,141,13.3,1.0,5.0,5,3,2017,2017-03-05,0,1,0,50.0,98.57142857142857,108.32142857142857
614,50,12.8,0.0,0.0,6,3,2017,2017-03-06,0,0,0,141.0,104.28571428571429,112.32142857142857
615,76,13.2,0.0,0.0,7,3,2017,2017-03-07,0,0,1,50.0,101.0,109.67857142857143
616,42,14.4,0.0,0.0,8,3,2017,2017-03-08,0,0,1,76.0,94.85714285714286,110.64285714285714
617,197,16.8,0.0,0.0,9,3,2017,2017-03-09,0,0,1,42.0,82.42857142857143,109.89285714285714
618,83,14.6,0.0,0.0,10,3,2017,2017-03-10,0,1,0,197.0,85.0,114.21428571428571
619,132,11.4,0.0,0.0,11,3,2017,2017-03-11,0,1,0,83.0,91.28571428571429,111.07142857142857
620,69,7.5,0.0,0.0,12,3,2017,2017-03-12,0,1,0,132.0,103.0,111.10714285714286
621,99,6.4,0.0,0.0,13,3,2017,2017-03-13,0,0,0,69.0,92.71428571428571,110.85714285714286
622,127,9.5,0.2,2.0,14,3,2017,2017-03-14,0,0,1,99.0,99.71428571428571,109.14285714285714
623,64,12.7,0.0,0.0,15,3,2017,2017-03-15,0,0,1,127.0,107.0,109.92857142857143
624,69,12.5,0.6,4.0,16,3,2017,2017-03-16,0,0,1,64.0,110.14285714285714,110.57142857142857
625,48,12.9,0.2,1.0,17,3,2017,2017-03-17,0,1,0,69.0,91.85714285714286,109.75
626,92,13.3,0.0,0.0,18,3,2017,2017-03-18,0,1,0,48.0,86.85714285714286,104.60714285714286
627,88,12.2,0.0,0.0,19,3,2017,2017-03-19,0,1,0,92.0,81.14285714285714,101.46428571428571
628,55,9.0,0.0,0.0,20,3,2017,2017-03-20,0,0,0,88.0,83.85714285714286,101.60714285714286
629,38,9.8,0.0,0.0,21,3,2017,2017-03-21,0,0,1,55.0,77.57142857142857,100.53571428571429
630,25,6.3,2.2,6.0,22,3,2017,2017-03-22,0,0,1,38.0,64.85714285714286,98.89285714285714
631,43,3.9,2.5,11.0,23,3,2017,2017-03-23,0,0,1,25.0,59.285714285714285,95.28571428571429
632,76,6.1,10.8,13.0,24,3,2017,2017-03-24,0,1,0,43.0,55.57142857142857,92.07142857142857
633,104,7.8,2.4,8.0,25,3,2017,2017-03-25,0,1,0,76.0,59.57142857142857,90.53571428571429
634,48,7.3,28.3,16.0,26,3,2017,2017-03-26,0,1,0,104.0,61.285714285714285,86.0
635,140,10.9,1.2,8.0,27,3,2017,2017-03-27,0,0,0,48.0,55.57142857142857,84.10714285714286
636,67,10.9,0.0,0.0,28,3,2017,2017-03-28,0,0,1,140.0,67.71428571428571,86.5
637,103,12.9,0.0,0.0,29,3,2017,2017-03-29,0,0,1,67.0,71.85714285714286,84.64285714285714
638,98,13.5,0.0,0.0,30,3,2017,2017-03-30,0,0,1,103.0,83.0,83.71428571428571
639,123,13.2,0.0,0.0,31,3,2017,2017-03-31,0,1,0,98.0,90.85714285714286,80.82142857142857
640,76,10.6,0.0,0.0,1,4,2017,2017-04-01,0,1,0,123.0,97.57142857142857,83.82142857142857
641,53,10.9,0.0,0.0,2,4,2017,2017-04-02,0,1,0,76.0,93.57142857142857,84.75
642,94,13.0,0.0,0.0,3,4,2017,2017-04-03,0,0,0,53.0,94.28571428571429,81.60714285714286
643,48,14.0,0.0,0.0,4,4,2017,2017-04-04,0,0,1,94.0,87.71428571428571,83.17857142857143
644,160,16.2,0.0,0.0,5,4,2017,2017-04-05,1,0,1,48.0,85.0,82.17857142857143
645,76,14.4,0.0,0.0,6,4,2017,2017-04-06,1,0,1,160.0,93.14285714285714,86.39285714285714
646,65,16.2,0.0,0.0,7,4,2017,2017-04-07,1,1,0,76.0,90.0,82.07142857142857
647,203,17.0,0.0,0.0,8,4,2017,2017-04-08,1,1,0,65.0,81.71428571428571,81.42857142857143
648,204,16.5,0.0,0.0,9,4,2017,2017-04-09,1,1,0,203.0,99.85714285714286,83.96428571428571
649,112,17.3,0.0,0.0,10,4,2017,2017-04-10,1,0,0,204.0,121.42857142857143,88.78571428571429
650,114,18.5,0.0,0.0,11,4,2017,2017-04-11,1,0,1,112.0,124.0,89.25
651,93,17.5,0.0,0.0,12,4,2017,2017-04-12,1,0,1,114.0,133.42857142857142,88.78571428571429
652,208,14.8,0.0,0.0,13,4,2017,2017-04-13,1,0,1,93.0,123.85714285714286,89.82142857142857
653,177,15.4,0.0,0.0,14,4,2017,2017-04-14,1,1,0,208.0,142.71428571428572,94.78571428571429
654,98,14.9,0.0,0.0,15,4,2017,2017-04-15,1,1,0,177.0,158.71428571428572,99.39285714285714
655,136,15.6,0.0,0.0,16,4,2017,2017-04-16,1,1,0,98.0,143.71428571428572,99.60714285714286
656,116,16.6,0.0,0.0,17,4,2017,2017-04-17,1,0,0,136.0,134.0,101.32142857142857
657,85,18.2,0.0,0.0,18,4,2017,2017-04-18,1,0,1,116.0,134.57142857142858,103.5
658,70,18.6,0.0,0.0,19,4,2017,2017-04-19,0,0,1,85.0,130.42857142857142,105.17857142857143
659,64,18.2,0.0,0.0,20,4,2017,2017-04-20,0,0,1,70.0,127.14285714285714,106.78571428571429
660,59,16.9,0.0,0.0,21,4,2017,2017-04-21,0,1,0,64.0,106.57142857142857,107.53571428571429
661,179,17.5,0.0,0.0,22,4,2017,2017-04-22,0,1,0,59.0,89.71428571428571,106.92857142857143
662,88,17.1,0.0,0.0,23,4,2017,2017-04-23,0,1,0,179.0,101.28571428571429,109.60714285714286
663,35,16.8,0.0,0.0,24,4,2017,2017-04-24,0,0,0,88.0,94.42857142857143,111.03571428571429
664,87,14.1,0.0,0.0,25,4,2017,2017-04-25,0,0,1,35.0,82.85714285714286,107.28571428571429
665,38,11.5,0.0,0.0,26,4,2017,2017-04-26,0,0,1,87.0,83.14285714285714,108.0
666,87,12.1,0.0,0.0,27,4,2017,2017-04-27,0,0,1,38.0,78.57142857142857,105.67857142857143
667,113,13.2,0.0,0.0,28,4,2017,2017-04-28,0,1,0,87.0,81.85714285714286,105.28571428571429
668,320,13.3,0.0,0.0,29,4,2017,2017-04-29,0,1,0,113.0,89.57142857142857,104.92857142857143
669,148,11.3,3.1,4.0,30,4,2017,2017-04-30,0,1,0,320.0,109.71428571428571,113.64285714285714
670,106,12.4,0.0,0.0,1,5,2017,2017-05-01,0,0,0,148.0,118.28571428571429,117.03571428571429
671,95,15.2,0.0,0.0,2,5,2017,2017-05-02,0,0,1,106.0,128.42857142857142,117.46428571428571
672,140,19.1,0.0,0.0,3,5,2017,2017-05-03,0,0,1,95.0,129.57142857142858,119.14285714285714
673,149,16.8,1.0,1.0,4,5,2017,2017-05-04,0,0,1,140.0,144.14285714285714,118.42857142857143
674,126,13.6,14.9,12.0,5,5,2017,2017-05-05,0,1,0,149.0,153.0,121.03571428571429
675,81,15.3,0.0,0.0,6,5,2017,2017-05-06,0,1,0,126.0,154.85714285714286,123.21428571428571
676,88,18.5,0.0,0.0,7,5,2017,2017-05-07,0,1,0,81.0,120.71428571428571,118.85714285714286
677,133,19.7,0.0,0.0,8,5,2017,2017-05-08,0,0,0,88.0,112.14285714285714,114.71428571428571
678,153,15.7,0.6,3.0,9,5,2017,2017-05-09,0,0,1,133.0,116.0,115.46428571428571
679,58,14.0,20.8,19.0,10,5,2017,2017-05-10,0,0,1,153.0,124.28571428571429,116.85714285714286
680,90,12.6,9.7,14.0,11,5,2017,2017-05-11,0,0,1,58.0,112.57142857142857,115.60714285714286
681,86,14.3,9.2,16.0,12,5,2017,2017-05-12,0,1,0,90.0,104.14285714285714,111.39285714285714
682,121,14.8,0.0,0.0,13,5,2017,2017-05-13,0,1,0,86.0,98.42857142857143,108.14285714285714
683,94,17.0,0.0,0.0,14,5,2017,2017-05-14,0,1,0,121.0,104.14285714285714,108.96428571428571
684,113,20.5,0.0,0.0,15,5,2017,2017-05-15,0,0,0,94.0,105.0,107.46428571428571
685,91,22.0,0.0,0.0,16,5,2017,2017-05-16,0,0,1,113.0,102.14285714285714,107.35714285714286
686,96,17.9,0.0,0.0,17,5,2017,2017-05-17,0,0,1,91.0,93.28571428571429,107.57142857142857
687,97,11.1,0.0,0.0,18,5,2017,2017-05-18,0,0,1,96.0,98.71428571428571,108.5
688,55,12.1,0.0,0.0,19,5,2017,2017-05-19,0,1,0,97.0,99.71428571428571,109.67857142857143
689,86,18.1,0.0,0.0,20,5,2017,2017-05-20,0,1,0,55.0,95.28571428571429,109.53571428571429
690,101,21.0,0.0,0.0,21,5,2017,2017-05-21,0,1,0,86.0,90.28571428571429,106.21428571428571
691,108,18.7,0.0,0.0,22,5,2017,2017-05-22,0,0,0,101.0,91.28571428571429,106.67857142857143
692,99,22.2,0.0,0.0,23,5,2017,2017-05-23,0,0,1,108.0,90.57142857142857,109.28571428571429
693,89,22.6,0.0,0.0,24,5,2017,2017-05-24,0,0,1,99.0,91.71428571428571,109.71428571428571
694,296,22.8,0.0,0.0,25,5,2017,2017-05-25,0,0,1,89.0,90.71428571428571,111.53571428571429
695,88,19.9,0.0,0.0,26,5,2017,2017-05-26,0,1,0,296.0,119.14285714285714,119.0
696,88,18.7,0.2,2.0,27,5,2017,2017-05-27,0,1,0,88.0,123.85714285714286,118.10714285714286
697,209,17.7,2.1,12.0,28,5,2017,2017-05-28,0,1,0,88.0,124.14285714285714,109.82142857142857
698,98,19.2,0.1,1.0,29,5,2017,2017-05-29,0,0,0,209.0,139.57142857142858,112.0
699,101,17.5,0.0,0.0,30,5,2017,2017-05-30,0,0,1,98.0,138.14285714285714,111.71428571428571
700,119,18.4,0.0,0.0,31,5,2017,2017-05-31,0,0,1,101.0,138.42857142857142,111.92857142857143
701,143,17.8,0.0,0.0,1,6,2017,2017-06-01,0,0,1,119.0,142.71428571428572,111.17857142857143
702,185,17.0,0.0,0.0,2,6,2017,2017-06-02,0,1,0,143.0,120.85714285714286,110.96428571428571
703,201,14.7,0.0,0.0,3,6,2017,2017-06-03,0,1,0,185.0,134.71428571428572,113.07142857142857
704,94,13.7,0.0,0.0,4,6,2017,2017-06-04,0,1,0,201.0,150.85714285714286,117.35714285714286
705,87,16.0,0.0,0.0,5,6,2017,2017-06-05,0,0,0,94.0,134.42857142857142,117.57142857142857
706,69,17.8,0.0,0.0,6,6,2017,2017-06-06,0,0,1,87.0,132.85714285714286,115.92857142857143
707,70,19.7,0.0,0.0,7,6,2017,2017-06-07,0,0,1,69.0,128.28571428571428,112.92857142857143
708,123,19.4,0.0,0.0,8,6,2017,2017-06-08,0,0,1,70.0,121.28571428571429,113.35714285714286
709,121,19.5,0.0,0.0,9,6,2017,2017-06-09,0,1,0,123.0,118.42857142857143,114.53571428571429
710,148,19.9,0.0,0.0,10,6,2017,2017-06-10,0,1,0,121.0,109.28571428571429,115.78571428571429
711,138,20.0,0.0,0.0,11,6,2017,2017-06-11,0,1,0,148.0,101.71428571428571,116.75
712,91,21.9,0.0,0.0,12,6,2017,2017-06-12,0,0,0,138.0,108.0,118.32142857142857
713,91,23.8,0.0,0.0,13,6,2017,2017-06-13,0,0,1,91.0,108.57142857142857,117.53571428571429
714,94,22.7,0.0,0.0,14,6,2017,2017-06-14,0,0,1,91.0,111.71428571428571,117.53571428571429
715,150,20.5,0.0,0.0,15,6,2017,2017-06-15,0,0,1,94.0,115.14285714285714,117.46428571428571
716,122,24.1,0.0,0.0,16,6,2017,2017-06-16,0,1,0,150.0,119.0,119.35714285714286
717,122,29.4,0.0,0.0,17,6,2017,2017-06-17,0,1,0,122.0,119.14285714285714,121.75
718,110,29.8,0.0,0.0,18,6,2017,2017-06-18,0,1,0,122.0,115.42857142857143,123.03571428571429
719,109,28.2,0.0,0.0,19,6,2017,2017-06-19,0,0,0,110.0,111.42857142857143,123.35714285714286
720,85,26.7,0.0,0.0,20,6,2017,2017-06-20,0,0,1,109.0,114.0,123.39285714285714
721,81,23.5,0.0,0.0,21,6,2017,2017-06-21,0,0,1,85.0,113.14285714285714,122.89285714285714
722,121,20.9,0.0,0.0,22,6,2017,2017-06-22,0,0,1,81.0,111.28571428571429,122.60714285714286
723,92,21.0,0.0,0.0,23,6,2017,2017-06-23,1,1,0,121.0,107.14285714285714,116.35714285714286
724,172,19.7,0.1,1.0,24,6,2017,2017-06-24,1,1,0,92.0,102.85714285714286,116.5
725,138,19.9,0.0,0.0,25,6,2017,2017-06-25,1,1,0,172.0,110.0,119.5
726,161,19.7,0.0,0.0,26,6,2017,2017-06-26,1,0,0,138.0,114.0,116.96428571428571
727,63,19.8,0.1,1.0,27,6,2017,2017-06-27,1,0,1,161.0,121.42857142857143,119.21428571428571
728,71,18.4,0.6,3.0,28,6,2017,2017-06-28,1,0,1,63.0,118.28571428571429,117.85714285714286
729,89,15.1,0.0,0.0,29,6,2017,2017-06-29,1,0,1,71.0,116.85714285714286,116.14285714285714
730,149,14.6,0.0,0.0,30,6,2017,2017-06-30,1,1,0,89.0,112.28571428571429,114.21428571428571
731,208,15.2,0.0,0.0,1,7,2017,2017-07-01,1,1,0,149.0,120.42857142857143,112.92857142857143
732,137,21.9,0.0,0.0,2,7,2017,2017-07-02,1,1,0,208.0,125.57142857142857,113.17857142857143
733,163,24.6,0.0,0.0,3,7,2017,2017-07-03,1,0,0,137.0,125.42857142857143,114.71428571428571
734,119,23.2,0.0,0.0,4,7,2017,2017-07-04,1,0,1,163.0,125.71428571428571,117.42857142857143
735,81,20.7,0.0,0.0,5,7,2017,2017-07-05,1,0,1,119.0,133.71428571428572,119.21428571428571
736,107,18.8,3.6,2.0,6,7,2017,2017-07-06,1,0,1,81.0,135.14285714285714,119.60714285714286
737,94,19.5,0.0,0.0,7,7,2017,2017-07-07,1,1,0,107.0,137.71428571428572,119.03571428571429
738,130,19.5,0.0,0.0,8,7,2017,2017-07-08,1,1,0,94.0,129.85714285714286,118.07142857142857
739,156,19.7,0.0,0.0,9,7,2017,2017-07-09,1,1,0,130.0,118.71428571428571,117.42857142857143
740,149,18.8,0.0,0.0,10,7,2017,2017-07-10,1,0,0,156.0,121.42857142857143,118.07142857142857
741,147,18.8,0.0,0.0,11,7,2017,2017-07-11,1,0,1,149.0,119.42857142857143,120.14285714285714
742,118,23.2,0.0,0.0,12,7,2017,2017-07-12,1,0,1,147.0,123.42857142857143,122.14285714285714
743,112,24.0,0.0,0.0,13,7,2017,2017-07-13,1,0,1,118.0,128.71428571428572,123.0
744,132,21.7,0.0,0.0,14,7,2017,2017-07-14,1,1,0,112.0,129.42857142857142,121.64285714285714
745,171,22.0,0.0,0.0,15,7,2017,2017-07-15,1,1,0,132.0,134.85714285714286,122.0
746,129,22.2,0.0,0.0,16,7,2017,2017-07-16,1,1,0,171.0,140.71428571428572,123.75
747,170,21.9,0.0,0.0,17,7,2017,2017-07-17,1,0,0,129.0,136.85714285714286,124.42857142857143
748,111,21.3,0.0,0.0,18,7,2017,2017-07-18,1,0,1,170.0,139.85714285714286,126.60714285714286
749,79,21.0,0.4,3.0,19,7,2017,2017-07-19,1,0,1,111.0,134.71428571428572,127.53571428571429
750,108,16.5,0.0,0.0,20,7,2017,2017-07-20,1,0,1,79.0,129.14285714285714,127.46428571428571
751,109,16.7,0.0,0.0,21,7,2017,2017-07-21,1,1,0,108.0,128.57142857142858,127.0
752,154,18.8,0.0,0.0,22,7,2017,2017-07-22,1,1,0,109.0,125.28571428571429,127.60714285714286
753,126,18.6,0.0,0.0,23,7,2017,2017-07-23,1,1,0,154.0,122.85714285714286,126.96428571428571
754,180,19.0,0.0,0.0,24,7,2017,2017-07-24,1,0,0,126.0,122.42857142857143,126.53571428571429
755,99,20.7,0.0,0.0,25,7,2017,2017-07-25,1,0,1,180.0,123.85714285714286,127.21428571428571
756,93,22.1,0.0,0.0,26,7,2017,2017-07-26,1,0,1,99.0,122.14285714285714,128.5
757,120,20.7,0.0,0.0,27,7,2017,2017-07-27,1,0,1,93.0,124.14285714285714,129.28571428571428
758,135,22.9,0.0,0.0,28,7,2017,2017-07-28,1,1,0,120.0,125.85714285714286,130.39285714285714
759,178,23.1,0.0,0.0,29,7,2017,2017-07-29,1,1,0,135.0,129.57142857142858,129.89285714285714
760,120,20.7,0.0,0.0,30,7,2017,2017-07-30,1,1,0,178.0,133.0,128.82142857142858
761,155,18.0,0.7,2.0,31,7,2017,2017-07-31,1,0,0,120.0,132.14285714285714,128.21428571428572
762,171,19.2,0.0,0.0,1,8,2017,2017-08-01,1,0,1,155.0,128.57142857142858,127.92857142857143
763,112,19.5,0.0,0.0,2,8,2017,2017-08-02,1,0,1,171.0,138.85714285714286,129.78571428571428
764,119,23.1,0.0,0.0,3,8,2017,2017-08-03,1,0,1,112.0,141.57142857142858,130.89285714285714
765,149,23.9,0.0,0.0,4,8,2017,2017-08-04,1,1,0,119.0,141.42857142857142,131.32142857142858
766,169,20.9,0.0,0.0,5,8,2017,2017-08-05,1,1,0,149.0,143.42857142857142,133.28571428571428
767,175,20.8,0.0,0.0,6,8,2017,2017-08-06,1,1,0,169.0,142.14285714285714,134.67857142857142
768,201,18.7,0.0,0.0,7,8,2017,2017-08-07,1,0,0,175.0,150.0,135.35714285714286
769,116,16.4,0.0,0.0,8,8,2017,2017-08-08,1,0,1,201.0,156.57142857142858,137.21428571428572
770,82,15.5,0.0,0.0,9,8,2017,2017-08-09,1,0,1,116.0,148.71428571428572,136.10714285714286
771,98,19.0,0.0,0.0,10,8,2017,2017-08-10,1,0,1,82.0,144.42857142857142,134.82142857142858
772,106,22.1,0.0,0.0,11,8,2017,2017-08-11,1,1,0,98.0,141.42857142857142,134.32142857142858
773,138,23.5,0.0,0.0,12,8,2017,2017-08-12,1,1,0,106.0,135.28571428571428,133.39285714285714
774,138,23.4,0.0,0.0,13,8,2017,2017-08-13,1,1,0,138.0,130.85714285714286,132.21428571428572
775,155,21.5,0.0,0.0,14,8,2017,2017-08-14,1,0,0,138.0,125.57142857142857,132.53571428571428
776,122,19.7,0.0,0.0,15,8,2017,2017-08-15,1,0,1,155.0,119.0,132.0
777,122,20.1,0.0,0.0,16,8,2017,2017-08-16,1,0,1,122.0,119.85714285714286,132.39285714285714
778,210,21.9,0.0,0.0,17,8,2017,2017-08-17,1,0,1,122.0,125.57142857142857,133.92857142857142
779,140,21.4,0.0,0.0,18,8,2017,2017-08-18,1,1,0,210.0,141.57142857142858,137.57142857142858
780,163,22.1,0.0,0.0,19,8,2017,2017-08-19,1,1,0,140.0,146.42857142857142,138.67857142857142
781,131,25.5,0.0,0.0,20,8,2017,2017-08-20,1,1,0,163.0,150.0,139.0
782,163,26.0,0.0,0.0,21,8,2017,2017-08-21,1,0,0,131.0,149.0,139.17857142857142
783,99,25.1,0.0,0.0,22,8,2017,2017-08-22,1,0,1,163.0,150.14285714285714,138.57142857142858
784,89,22.2,0.0,0.0,23,8,2017,2017-08-23,1,0,1,99.0,146.85714285714286,138.57142857142858
785,148,20.4,0.0,0.0,24,8,2017,2017-08-24,1,0,1,89.0,142.14285714285714,138.42857142857142
786,127,19.9,0.0,0.0,25,8,2017,2017-08-25,1,1,0,148.0,133.28571428571428,139.42857142857142
787,162,22.2,0.0,0.0,26,8,2017,2017-08-26,1,1,0,127.0,131.42857142857142,139.14285714285714
788,152,21.5,0.0,0.0,27,8,2017,2017-08-27,1,1,0,162.0,131.28571428571428,138.57142857142858
789,180,20.2,1.2,5.0,28,8,2017,2017-08-28,1,0,0,152.0,134.28571428571428,139.71428571428572
790,79,20.1,0.3,1.0,29,8,2017,2017-08-29,1,0,1,180.0,136.71428571428572,140.60714285714286
791,91,21.0,0.0,0.0,30,8,2017,2017-08-30,1,0,1,79.0,133.85714285714286,137.32142857142858
792,124,20.1,0.0,0.0,31,8,2017,2017-08-31,1,0,1,91.0,134.14285714285714,136.57142857142858
    